machine_id,metric,time_start_ms,time_end_ms
1,CPU usage [MHZ],1376314846,1376318146
1,CPU usage [MHZ],1376390452,1376390452
1,CPU usage [MHZ],1376393453,1376393453
1,CPU usage [MHZ],1376397352,1376404253
1,CPU usage [MHZ],1376408754,1376424356
1,CPU usage [MHZ],1376458859,1376468159
1,CPU usage [MHZ],1376982412,1376983312
1,CPU usage [MHZ],1376986612,1376987512
1,CPU usage [MHZ],1377075132,1377075432
1,CPU usage [MHZ],1377875899,1377875899
1,CPU usage [MHZ],1377883399,1377883399
1,CPU usage [MHZ],1378206530,1378207731
1,CPU usage [MHZ],1378209231,1378210731
1,CPU usage [MHZ],1378215231,1378216431
1,CPU usage [MHZ],1378372148,1378372148
1,CPU usage [MHZ],1378372748,1378374847
1,CPU usage [MHZ],1378376948,1378378148
1,CPU usage [MHZ],1378383248,1378384449
1,CPU usage [MHZ],1378385349,1378387449
1,CPU usage [MHZ],1378391349,1378391649
1,CPU usage [MHZ],1378392549,1378395550
1,CPU usage [MHZ],1378446855,1378448055
1,CPU usage [MHZ],1378448955,1378450155
1,CPU usage [MHZ],1378460656,1378466957
1,CPU usage [MHZ],1378474157,1378474757
1,CPU usage [MHZ],1378475358,1378476858
1,CPU usage [MHZ],1378740283,1378764886
1,CPU usage [MHZ],1378798189,1378801789
1,CPU usage [MHZ],1378816190,1378816490
1,CPU usage [MHZ],1378817390,1378817690
1,CPU usage [MHZ],1378897797,1378900497
1,CPU usage [%],1376314846,1376318146
1,CPU usage [%],1376390452,1376390452
1,CPU usage [%],1376393453,1376393453
1,CPU usage [%],1376397352,1376404253
1,CPU usage [%],1376408754,1376424356
1,CPU usage [%],1376458859,1376468159
1,CPU usage [%],1376982412,1376983312
1,CPU usage [%],1376986612,1376987512
1,CPU usage [%],1377075132,1377075432
1,CPU usage [%],1377875899,1377875899
1,CPU usage [%],1377883399,1377883399
1,CPU usage [%],1378206530,1378207731
1,CPU usage [%],1378209231,1378210731
1,CPU usage [%],1378215231,1378216431
1,CPU usage [%],1378372148,1378372148
1,CPU usage [%],1378372748,1378374847
1,CPU usage [%],1378376948,1378378148
1,CPU usage [%],1378383248,1378384449
1,CPU usage [%],1378385349,1378387449
1,CPU usage [%],1378391349,1378391649
1,CPU usage [%],1378392549,1378395550
1,CPU usage [%],1378446855,1378448055
1,CPU usage [%],1378448955,1378450155
1,CPU usage [%],1378460656,1378466957
1,CPU usage [%],1378474157,1378474757
1,CPU usage [%],1378475358,1378476858
1,CPU usage [%],1378740283,1378764886
1,CPU usage [%],1378798189,1378801789
1,CPU usage [%],1378816190,1378816490
1,CPU usage [%],1378817390,1378817690
1,CPU usage [%],1378897797,1378900497
1,Memory usage [KB],1376314846,1376318446
1,Memory usage [KB],1376397652,1376404553
1,Memory usage [KB],1376408754,1376424956
1,Memory usage [KB],1376458859,1376468459
1,Memory usage [KB],1376982712,1376983912
1,Memory usage [KB],1376986612,1376987812
1,Memory usage [KB],1377075432,1377075432
1,Memory usage [KB],1377883699,1377883699
1,Memory usage [KB],1378206530,1378208031
1,Memory usage [KB],1378209531,1378211031
1,Memory usage [KB],1378215231,1378217031
1,Memory usage [KB],1378372448,1378375147
1,Memory usage [KB],1378376948,1378378448
1,Memory usage [KB],1378383248,1378387749
1,Memory usage [KB],1378391349,1378391949
1,Memory usage [KB],1378392549,1378396150
1,Memory usage [KB],1378446855,1378450755
1,Memory usage [KB],1378460956,1378467557
1,Memory usage [KB],1378475358,1378477158
1,Memory usage [KB],1378740283,1378740283
1,Memory usage [KB],1378741183,1378745984
1,Memory usage [KB],1378746584,1378765186
1,Memory usage [KB],1378798489,1378802389
1,Memory usage [KB],1378898397,1378898397
1,Memory usage [KB],1378899297,1378899597
1,Memory usage [KB],1378900497,1378900497
1,Disk read throughput [KB/s],1376524865,1376524865
1,Disk read throughput [KB/s],1377125237,1377125237
1,Disk read throughput [KB/s],1377989609,1377989609
1,Disk read throughput [KB/s],1378741783,1378745684
1,Disk read throughput [KB/s],1378748984,1378754385
1,Disk read throughput [KB/s],1378755585,1378755885
1,Disk read throughput [KB/s],1378757985,1378760985
1,Disk read throughput [KB/s],1378851293,1378851293
1,Disk write throughput [KB/s],1376314846,1376316946
1,Disk write throughput [KB/s],1376397652,1376403953
1,Disk write throughput [KB/s],1376408754,1376424356
1,Disk write throughput [KB/s],1376458859,1376468159
1,Disk write throughput [KB/s],1378206530,1378207731
1,Disk write throughput [KB/s],1378209531,1378210731
1,Disk write throughput [KB/s],1378215231,1378216431
1,Disk write throughput [KB/s],1378372748,1378374847
1,Disk write throughput [KB/s],1378383248,1378384449
1,Disk write throughput [KB/s],1378385649,1378387449
1,Disk write throughput [KB/s],1378391349,1378391649
1,Disk write throughput [KB/s],1378392549,1378393749
1,Disk write throughput [KB/s],1378394350,1378395550
1,Disk write throughput [KB/s],1378446855,1378448355
1,Disk write throughput [KB/s],1378448955,1378450455
1,Disk write throughput [KB/s],1378460956,1378466957
1,Disk write throughput [KB/s],1378475358,1378476858
1,Disk write throughput [KB/s],1378740583,1378742684
1,Disk write throughput [KB/s],1378743284,1378755885
1,Disk write throughput [KB/s],1378756485,1378759185
1,Disk write throughput [KB/s],1378759785,1378760085
1,Disk write throughput [KB/s],1378760685,1378760985
1,Disk write throughput [KB/s],1378761585,1378761885
1,Disk write throughput [KB/s],1378762485,1378762786
1,Disk write throughput [KB/s],1378763386,1378763686
1,Disk write throughput [KB/s],1378764586,1378764886
1,Disk write throughput [KB/s],1378798189,1378801789
1,Network received throughput [KB/s],1376315446,1376315746
1,Network received throughput [KB/s],1376316946,1376317246
1,Network received throughput [KB/s],1376318146,1376318146
1,Network received throughput [KB/s],1376390152,1376390452
1,Network received throughput [KB/s],1376393453,1376393453
1,Network received throughput [KB/s],1376397352,1376397352
1,Network received throughput [KB/s],1376398853,1376398853
1,Network received throughput [KB/s],1376400053,1376400053
1,Network received throughput [KB/s],1376401553,1376401553
1,Network received throughput [KB/s],1376402753,1376402753
1,Network received throughput [KB/s],1376403953,1376404253
1,Network received throughput [KB/s],1376408454,1376408754
1,Network received throughput [KB/s],1376409954,1376409954
1,Network received throughput [KB/s],1376411454,1376411454
1,Network received throughput [KB/s],1376412654,1376412954
1,Network received throughput [KB/s],1376414155,1376414155
1,Network received throughput [KB/s],1376415655,1376415655
1,Network received throughput [KB/s],1376417155,1376417155
1,Network received throughput [KB/s],1376418355,1376418655
1,Network received throughput [KB/s],1376419855,1376419855
1,Network received throughput [KB/s],1376421355,1376421355
1,Network received throughput [KB/s],1376422856,1376422856
1,Network received throughput [KB/s],1376458559,1376458859
1,Network received throughput [KB/s],1376460059,1376460059
1,Network received throughput [KB/s],1376461558,1376461558
1,Network received throughput [KB/s],1376462758,1376462758
1,Network received throughput [KB/s],1376463959,1376464259
1,Network received throughput [KB/s],1376465459,1376465459
1,Network received throughput [KB/s],1376466659,1376466959
1,Network received throughput [KB/s],1376524865,1376524865
1,Network received throughput [KB/s],1376982412,1376982412
1,Network received throughput [KB/s],1376986612,1376986612
1,Network received throughput [KB/s],1377075132,1377075132
1,Network received throughput [KB/s],1377875899,1377875899
1,Network received throughput [KB/s],1377883399,1377883399
1,Network received throughput [KB/s],1378206230,1378206230
1,Network received throughput [KB/s],1378208931,1378209231
1,Network received throughput [KB/s],1378214931,1378215231
1,Network received throughput [KB/s],1378372148,1378372148
1,Network received throughput [KB/s],1378372748,1378372748
1,Network received throughput [KB/s],1378374247,1378374247
1,Network received throughput [KB/s],1378376948,1378376948
1,Network received throughput [KB/s],1378382948,1378383248
1,Network received throughput [KB/s],1378385349,1378385349
1,Network received throughput [KB/s],1378386849,1378386849
1,Network received throughput [KB/s],1378391049,1378391049
1,Network received throughput [KB/s],1378392549,1378392549
1,Network received throughput [KB/s],1378394050,1378394050
1,Network received throughput [KB/s],1378446554,1378446855
1,Network received throughput [KB/s],1378448655,1378448955
1,Network received throughput [KB/s],1378460656,1378460656
1,Network received throughput [KB/s],1378462456,1378462456
1,Network received throughput [KB/s],1378463957,1378463957
1,Network received throughput [KB/s],1378465457,1378465457
1,Network received throughput [KB/s],1378474157,1378474457
1,Network received throughput [KB/s],1378475358,1378475358
1,Network received throughput [KB/s],1378740283,1378740283
1,Network received throughput [KB/s],1378746584,1378746884
1,Network received throughput [KB/s],1378755885,1378755885
1,Network received throughput [KB/s],1378756785,1378756785
1,Network received throughput [KB/s],1378760985,1378760985
1,Network received throughput [KB/s],1378761885,1378761885
1,Network received throughput [KB/s],1378762786,1378762786
1,Network received throughput [KB/s],1378763686,1378764286
1,Network received throughput [KB/s],1378798189,1378798189
1,Network received throughput [KB/s],1378799688,1378799688
1,Network received throughput [KB/s],1378816190,1378816190
1,Network received throughput [KB/s],1378817390,1378817990
1,Network received throughput [KB/s],1378824891,1378824891
1,Network received throughput [KB/s],1378825491,1378825491
1,Network received throughput [KB/s],1378882496,1378883696
1,Network received throughput [KB/s],1378891497,1378892397
1,Network received throughput [KB/s],1378897197,1378900197
1,Network transmitted throughput [KB/s],1376390452,1376390452
1,Network transmitted throughput [KB/s],1376393453,1376393453
1,Network transmitted throughput [KB/s],1376403953,1376404253
1,Network transmitted throughput [KB/s],1376987512,1376987512
1,Network transmitted throughput [KB/s],1377075432,1377075432
1,Network transmitted throughput [KB/s],1378377548,1378378148
1,Network transmitted throughput [KB/s],1378383248,1378384449
1,Network transmitted throughput [KB/s],1378385649,1378385649
1,Network transmitted throughput [KB/s],1378386249,1378386849
1,Network transmitted throughput [KB/s],1378387449,1378387449
1,Network transmitted throughput [KB/s],1378391349,1378391649
1,Network transmitted throughput [KB/s],1378393149,1378393749
1,Network transmitted throughput [KB/s],1378394950,1378395550
1,Network transmitted throughput [KB/s],1378446855,1378446855
1,Network transmitted throughput [KB/s],1378447455,1378448355
1,Network transmitted throughput [KB/s],1378448955,1378448955
1,Network transmitted throughput [KB/s],1378449555,1378450455
1,Network transmitted throughput [KB/s],1378461256,1378461256
1,Network transmitted throughput [KB/s],1378461856,1378462456
1,Network transmitted throughput [KB/s],1378463056,1378463957
1,Network transmitted throughput [KB/s],1378464557,1378465457
1,Network transmitted throughput [KB/s],1378466357,1378466957
1,Network transmitted throughput [KB/s],1378475658,1378475658
1,Network transmitted throughput [KB/s],1378476258,1378476858
1,Network transmitted throughput [KB/s],1378817390,1378817690
1,Network transmitted throughput [KB/s],1378824891,1378824891
1,Network transmitted throughput [KB/s],1378825491,1378825491
1,Network transmitted throughput [KB/s],1378882496,1378883696
1,Network transmitted throughput [KB/s],1378891497,1378892397
1,Network transmitted throughput [KB/s],1378897797,1378897797
2,CPU cores,1377617279,1377780492
2,CPU capacity provisioned [MHZ],1377617279,1377780492
2,CPU usage [MHZ],1377617579,1377627179
2,CPU usage [MHZ],1377696184,1377697685
2,CPU usage [MHZ],1377699185,1377701585
2,CPU usage [MHZ],1377764590,1377764890
2,CPU usage [MHZ],1377768791,1377768791
2,CPU usage [MHZ],1377770891,1377770891
2,CPU usage [%],1377617579,1377627179
2,CPU usage [%],1377696184,1377697685
2,CPU usage [%],1377699185,1377701585
2,CPU usage [%],1377764590,1377764890
2,CPU usage [%],1377768791,1377768791
2,CPU usage [%],1377770891,1377770891
2,Memory capacity provisioned [KB],1377617279,1377781092
2,Memory usage [KB],1377617279,1377627479
2,Memory usage [KB],1377666483,1377666783
2,Memory usage [KB],1377696484,1377697985
2,Memory usage [KB],1377699185,1377701885
2,Memory usage [KB],1377722886,1377723186
2,Memory usage [KB],1377764890,1377764890
2,Memory usage [KB],1377768791,1377769091
2,Memory usage [KB],1377770891,1377771191
2,Memory usage [KB],1377778992,1377778992
2,Disk read throughput [KB/s],1377617279,1377619079
2,Disk read throughput [KB/s],1377666483,1377666483
2,Disk read throughput [KB/s],1377722886,1377722886
2,Disk read throughput [KB/s],1377731288,1377731288
2,Disk read throughput [KB/s],1377778692,1377778692
2,Disk write throughput [KB/s],1377617579,1377625079
2,Network received throughput [KB/s],1377617579,1377617879
2,Network received throughput [KB/s],1377625079,1377625379
2,Network received throughput [KB/s],1377626279,1377627179
2,Network received throughput [KB/s],1377696184,1377696184
2,Network received throughput [KB/s],1377699185,1377699185
2,Network received throughput [KB/s],1377764590,1377764590
2,Network received throughput [KB/s],1377768491,1377768791
2,Network received throughput [KB/s],1377770591,1377770891
2,Network transmitted throughput [KB/s],1377617579,1377627179
2,Network transmitted throughput [KB/s],1377696184,1377697685
2,Network transmitted throughput [KB/s],1377699185,1377701285
2,Network transmitted throughput [KB/s],1377764590,1377764890
2,Network transmitted throughput [KB/s],1377768791,1377768791
2,Network transmitted throughput [KB/s],1377770591,1377770891
3,CPU usage [MHZ],1376317846,1376317846
3,CPU usage [MHZ],1376357149,1376357449
3,CPU usage [MHZ],1376398853,1376398853
3,CPU usage [MHZ],1376399753,1376399753
3,CPU usage [MHZ],1376400653,1376400653
3,CPU usage [MHZ],1376410554,1376410554
3,CPU usage [MHZ],1376411154,1376411454
3,CPU usage [MHZ],1376414155,1376414155
3,CPU usage [MHZ],1376415055,1376415055
3,CPU usage [MHZ],1376416855,1376416855
3,CPU usage [MHZ],1376417755,1376417755
3,CPU usage [MHZ],1376418655,1376418655
3,CPU usage [MHZ],1376419555,1376419555
3,CPU usage [MHZ],1376443857,1376443857
3,CPU usage [MHZ],1376460959,1376460959
3,CPU usage [MHZ],1376507763,1376507763
3,CPU usage [MHZ],1376520365,1376520365
3,CPU usage [MHZ],1376530266,1376530266
3,CPU usage [MHZ],1376557868,1376557868
3,CPU usage [MHZ],1376612472,1376612472
3,CPU usage [MHZ],1376616672,1376616672
3,CPU usage [MHZ],1376686879,1376686879
3,CPU usage [MHZ],1376694080,1376694080
3,CPU usage [MHZ],1376703081,1376703081
3,CPU usage [MHZ],1376720482,1376720482
3,CPU usage [MHZ],1376763686,1376763686
3,CPU usage [MHZ],1376773587,1376773587
3,CPU usage [MHZ],1376789491,1376789491
3,CPU usage [MHZ],1376821294,1376821294
3,CPU usage [MHZ],1376868701,1376868701
3,CPU usage [MHZ],1376875901,1376875901
3,CPU usage [MHZ],1376923606,1376923606
3,CPU usage [MHZ],1376962611,1376962611
3,CPU usage [MHZ],1376981212,1376981212
3,CPU usage [MHZ],1377031627,1377031627
3,CPU usage [MHZ],1377049029,1377049029
3,CPU usage [MHZ],1377080832,1377080832
3,CPU usage [MHZ],1377135438,1377135438
3,CPU usage [MHZ],1377138138,1377138138
3,CPU usage [MHZ],1377194543,1377194543
3,CPU usage [MHZ],1377221846,1377221846
3,CPU usage [MHZ],1377243148,1377243148
3,CPU usage [MHZ],1377295051,1377295051
3,CPU usage [MHZ],1377342456,1377342456
3,CPU usage [MHZ],1377389560,1377389560
3,CPU usage [MHZ],1377444165,1377444165
3,CPU usage [MHZ],1377493368,1377493368
3,CPU usage [MHZ],1377542573,1377542573
3,CPU usage [MHZ],1377567775,1377567775
3,CPU usage [MHZ],1377594777,1377594777
3,CPU usage [MHZ],1377612178,1377612178
3,CPU usage [MHZ],1377613078,1377613078
3,CPU usage [MHZ],1377614879,1377614879
3,CPU usage [MHZ],1377616679,1377616679
3,CPU usage [MHZ],1377617279,1377634080
3,CPU usage [MHZ],1377647881,1377647881
3,CPU usage [MHZ],1377654182,1377654182
3,CPU usage [MHZ],1377703685,1377703685
3,CPU usage [MHZ],1377740589,1377740589
3,CPU usage [MHZ],1377758290,1377758290
3,CPU usage [MHZ],1377780792,1377780792
3,CPU usage [MHZ],1377806894,1377806894
3,CPU usage [MHZ],1377826995,1377826995
3,CPU usage [MHZ],1377856097,1377856097
3,CPU usage [MHZ],1377886700,1377886700
3,CPU usage [MHZ],1377887600,1377887600
3,CPU usage [MHZ],1377889400,1377889400
3,CPU usage [MHZ],1377890300,1377890300
3,CPU usage [MHZ],1377893900,1377893900
3,CPU usage [MHZ],1377897501,1377897501
3,CPU usage [MHZ],1377898401,1377898401
3,CPU usage [MHZ],1377899301,1377899301
3,CPU usage [MHZ],1377900201,1377900201
3,CPU usage [MHZ],1377901101,1377901101
3,CPU usage [MHZ],1377902001,1377902001
3,CPU usage [MHZ],1377902901,1377902901
3,CPU usage [MHZ],1377903802,1377903802
3,CPU usage [MHZ],1377904702,1377904702
3,CPU usage [MHZ],1377906502,1377906502
3,CPU usage [MHZ],1377907702,1377907702
3,CPU usage [MHZ],1377908302,1377908302
3,CPU usage [MHZ],1377911902,1377911902
3,CPU usage [MHZ],1377912802,1377912802
3,CPU usage [MHZ],1377913402,1377913702
3,CPU usage [MHZ],1377915503,1377915503
3,CPU usage [MHZ],1377919102,1377919102
3,CPU usage [MHZ],1377922703,1377922703
3,CPU usage [MHZ],1377923603,1377923603
3,CPU usage [MHZ],1377924503,1377924503
3,CPU usage [MHZ],1377925403,1377925403
3,CPU usage [MHZ],1377926303,1377926303
3,CPU usage [MHZ],1377927203,1377927203
3,CPU usage [MHZ],1377929904,1377929904
3,CPU usage [MHZ],1377930804,1377930804
3,CPU usage [MHZ],1377933504,1377933504
3,CPU usage [MHZ],1377934404,1377934404
3,CPU usage [MHZ],1377935304,1377935304
3,CPU usage [MHZ],1377937104,1377937104
3,CPU usage [MHZ],1377938004,1377938004
3,CPU usage [MHZ],1377940705,1377940705
3,CPU usage [MHZ],1377941605,1377941605
3,CPU usage [MHZ],1377942505,1377942505
3,CPU usage [MHZ],1377944305,1377944305
3,CPU usage [MHZ],1377945205,1377945205
3,CPU usage [MHZ],1377947006,1377947006
3,CPU usage [MHZ],1377947906,1377947906
3,CPU usage [MHZ],1377949705,1377949705
3,CPU usage [MHZ],1377951505,1377951505
3,CPU usage [MHZ],1377952405,1377952405
3,CPU usage [MHZ],1377955106,1377955106
3,CPU usage [MHZ],1377956006,1377956006
3,CPU usage [MHZ],1377956906,1377956906
3,CPU usage [MHZ],1377958706,1377958706
3,CPU usage [MHZ],1377959606,1377959606
3,CPU usage [MHZ],1377961406,1377961406
3,CPU usage [MHZ],1377962307,1377962307
3,CPU usage [MHZ],1377963507,1377963507
3,CPU usage [MHZ],1377964107,1377964107
3,CPU usage [MHZ],1377965007,1377965007
3,CPU usage [MHZ],1377969507,1377969507
3,CPU usage [MHZ],1377972207,1377972207
3,CPU usage [MHZ],1377973107,1377973107
3,CPU usage [MHZ],1377974908,1377974908
3,CPU usage [MHZ],1377975808,1377975808
3,CPU usage [MHZ],1377976708,1377976708
3,CPU usage [MHZ],1377978508,1377978508
3,CPU usage [MHZ],1377980308,1377980308
3,CPU usage [MHZ],1377981208,1377981208
3,CPU usage [MHZ],1377982108,1377982108
3,CPU usage [MHZ],1377983908,1377983908
3,CPU usage [MHZ],1377984808,1377984808
3,CPU usage [MHZ],1377985708,1377985708
3,CPU usage [MHZ],1377986608,1377986608
3,CPU usage [MHZ],1377988408,1377988408
3,CPU usage [MHZ],1377990209,1377990209
3,CPU usage [MHZ],1377991109,1377991109
3,CPU usage [MHZ],1377995609,1377995609
3,CPU usage [MHZ],1377996509,1377996509
3,CPU usage [MHZ],1377998310,1377998310
3,CPU usage [MHZ],1378000110,1378000110
3,CPU usage [MHZ],1378001910,1378001910
3,CPU usage [MHZ],1378002810,1378002810
3,CPU usage [MHZ],1378005510,1378005510
3,CPU usage [MHZ],1378006410,1378006410
3,CPU usage [MHZ],1378009111,1378009111
3,CPU usage [MHZ],1378012111,1378012111
3,CPU usage [MHZ],1378012711,1378012711
3,CPU usage [MHZ],1378013611,1378013611
3,CPU usage [MHZ],1378016311,1378016311
3,CPU usage [MHZ],1378018111,1378018111
3,CPU usage [MHZ],1378019912,1378019912
3,CPU usage [MHZ],1378020812,1378020812
3,CPU usage [MHZ],1378022612,1378022612
3,CPU usage [MHZ],1378025312,1378025312
3,CPU usage [MHZ],1378027112,1378027112
3,CPU usage [MHZ],1378032513,1378032513
3,CPU usage [MHZ],1378036114,1378036114
3,CPU usage [MHZ],1378039714,1378039714
3,CPU usage [MHZ],1378041514,1378041514
3,CPU usage [MHZ],1378043615,1378044215
3,CPU usage [MHZ],1378045115,1378045115
3,CPU usage [MHZ],1378068517,1378068517
3,CPU usage [MHZ],1378086518,1378086518
3,CPU usage [MHZ],1378125822,1378125822
3,CPU usage [MHZ],1378150724,1378150724
3,CPU usage [MHZ],1378172927,1378172927
3,CPU usage [MHZ],1378179227,1378179227
3,CPU usage [MHZ],1378227533,1378227533
3,CPU usage [MHZ],1378259336,1378259336
3,CPU usage [MHZ],1378285139,1378285139
3,CPU usage [MHZ],1378333444,1378333444
3,CPU usage [MHZ],1378345745,1378345745
3,CPU usage [MHZ],1378380248,1378380248
3,CPU usage [MHZ],1378430953,1378430953
3,CPU usage [MHZ],1378477458,1378478058
3,CPU usage [MHZ],1378518861,1378518861
3,CPU usage [MHZ],1378529662,1378529662
3,CPU usage [MHZ],1378586368,1378586368
3,CPU usage [MHZ],1378605269,1378605269
3,CPU usage [MHZ],1378640973,1378640973
3,CPU usage [MHZ],1378691679,1378691679
3,CPU usage [MHZ],1378696479,1378696479
3,CPU usage [MHZ],1378725582,1378725582
3,CPU usage [MHZ],1378741483,1378741483
3,CPU usage [MHZ],1378743284,1378743284
3,CPU usage [MHZ],1378744184,1378744184
3,CPU usage [MHZ],1378745984,1378745984
3,CPU usage [MHZ],1378747784,1378747784
3,CPU usage [MHZ],1378748684,1378748684
3,CPU usage [MHZ],1378749884,1378749884
3,CPU usage [MHZ],1378752284,1378752284
3,CPU usage [MHZ],1378753185,1378753185
3,CPU usage [MHZ],1378756785,1378756785
3,CPU usage [MHZ],1378758585,1378758585
3,CPU usage [MHZ],1378764886,1378764886
3,CPU usage [MHZ],1378778087,1378778087
3,CPU usage [MHZ],1378787388,1378787388
3,CPU usage [MHZ],1378800289,1378800289
3,CPU usage [MHZ],1378806289,1378806289
3,CPU usage [MHZ],1378811690,1378811690
3,CPU usage [MHZ],1378814390,1378814390
3,CPU usage [MHZ],1378824591,1378840192
3,CPU usage [MHZ],1378853094,1378853094
3,CPU usage [MHZ],1378864494,1378864494
3,CPU usage [MHZ],1378882496,1378882796
3,CPU usage [MHZ],1378883696,1378883696
3,CPU usage [MHZ],1378891797,1378891797
3,CPU usage [MHZ],1378896897,1378897197
3,CPU usage [MHZ],1378898097,1378898097
3,CPU usage [MHZ],1378898997,1378898997
3,CPU usage [MHZ],1378906798,1378906798
3,CPU usage [%],1376317846,1376317846
3,CPU usage [%],1376357149,1376357449
3,CPU usage [%],1376398853,1376398853
3,CPU usage [%],1376399753,1376399753
3,CPU usage [%],1376400653,1376400653
3,CPU usage [%],1376410554,1376410554
3,CPU usage [%],1376411154,1376411454
3,CPU usage [%],1376414155,1376414155
3,CPU usage [%],1376415055,1376415055
3,CPU usage [%],1376416855,1376416855
3,CPU usage [%],1376417755,1376417755
3,CPU usage [%],1376418655,1376418655
3,CPU usage [%],1376419555,1376419555
3,CPU usage [%],1376443857,1376443857
3,CPU usage [%],1376460959,1376460959
3,CPU usage [%],1376507763,1376507763
3,CPU usage [%],1376520365,1376520365
3,CPU usage [%],1376530266,1376530266
3,CPU usage [%],1376557868,1376557868
3,CPU usage [%],1376612472,1376612472
3,CPU usage [%],1376616672,1376616672
3,CPU usage [%],1376686879,1376686879
3,CPU usage [%],1376694080,1376694080
3,CPU usage [%],1376703081,1376703081
3,CPU usage [%],1376720482,1376720482
3,CPU usage [%],1376763686,1376763686
3,CPU usage [%],1376773587,1376773587
3,CPU usage [%],1376789491,1376789491
3,CPU usage [%],1376821294,1376821294
3,CPU usage [%],1376868701,1376868701
3,CPU usage [%],1376875901,1376875901
3,CPU usage [%],1376923606,1376923606
3,CPU usage [%],1376962611,1376962611
3,CPU usage [%],1376981212,1376981212
3,CPU usage [%],1377031627,1377031627
3,CPU usage [%],1377049029,1377049029
3,CPU usage [%],1377080832,1377080832
3,CPU usage [%],1377135438,1377135438
3,CPU usage [%],1377138138,1377138138
3,CPU usage [%],1377194543,1377194543
3,CPU usage [%],1377221846,1377221846
3,CPU usage [%],1377243148,1377243148
3,CPU usage [%],1377295051,1377295051
3,CPU usage [%],1377342456,1377342456
3,CPU usage [%],1377389560,1377389560
3,CPU usage [%],1377444165,1377444165
3,CPU usage [%],1377493368,1377493368
3,CPU usage [%],1377542573,1377542573
3,CPU usage [%],1377567775,1377567775
3,CPU usage [%],1377594777,1377594777
3,CPU usage [%],1377612178,1377612178
3,CPU usage [%],1377613078,1377613078
3,CPU usage [%],1377614879,1377614879
3,CPU usage [%],1377616679,1377616679
3,CPU usage [%],1377617279,1377634080
3,CPU usage [%],1377647881,1377647881
3,CPU usage [%],1377654182,1377654182
3,CPU usage [%],1377703685,1377703685
3,CPU usage [%],1377740589,1377740589
3,CPU usage [%],1377758290,1377758290
3,CPU usage [%],1377780792,1377780792
3,CPU usage [%],1377806894,1377806894
3,CPU usage [%],1377826995,1377826995
3,CPU usage [%],1377856097,1377856097
3,CPU usage [%],1377886700,1377886700
3,CPU usage [%],1377887600,1377887600
3,CPU usage [%],1377889400,1377889400
3,CPU usage [%],1377890300,1377890300
3,CPU usage [%],1377893900,1377893900
3,CPU usage [%],1377897501,1377897501
3,CPU usage [%],1377898401,1377898401
3,CPU usage [%],1377899301,1377899301
3,CPU usage [%],1377900201,1377900201
3,CPU usage [%],1377901101,1377901101
3,CPU usage [%],1377902001,1377902001
3,CPU usage [%],1377902901,1377902901
3,CPU usage [%],1377903802,1377903802
3,CPU usage [%],1377904702,1377904702
3,CPU usage [%],1377906502,1377906502
3,CPU usage [%],1377907702,1377907702
3,CPU usage [%],1377908302,1377908302
3,CPU usage [%],1377911902,1377911902
3,CPU usage [%],1377912802,1377912802
3,CPU usage [%],1377913402,1377913702
3,CPU usage [%],1377915503,1377915503
3,CPU usage [%],1377919102,1377919102
3,CPU usage [%],1377922703,1377922703
3,CPU usage [%],1377923603,1377923603
3,CPU usage [%],1377924503,1377924503
3,CPU usage [%],1377925403,1377925403
3,CPU usage [%],1377926303,1377926303
3,CPU usage [%],1377927203,1377927203
3,CPU usage [%],1377929904,1377929904
3,CPU usage [%],1377930804,1377930804
3,CPU usage [%],1377933504,1377933504
3,CPU usage [%],1377934404,1377934404
3,CPU usage [%],1377935304,1377935304
3,CPU usage [%],1377937104,1377937104
3,CPU usage [%],1377938004,1377938004
3,CPU usage [%],1377940705,1377940705
3,CPU usage [%],1377941605,1377941605
3,CPU usage [%],1377942505,1377942505
3,CPU usage [%],1377944305,1377944305
3,CPU usage [%],1377945205,1377945205
3,CPU usage [%],1377947006,1377947006
3,CPU usage [%],1377947906,1377947906
3,CPU usage [%],1377949705,1377949705
3,CPU usage [%],1377951505,1377951505
3,CPU usage [%],1377952405,1377952405
3,CPU usage [%],1377955106,1377955106
3,CPU usage [%],1377956006,1377956006
3,CPU usage [%],1377956906,1377956906
3,CPU usage [%],1377958706,1377958706
3,CPU usage [%],1377959606,1377959606
3,CPU usage [%],1377961406,1377961406
3,CPU usage [%],1377962307,1377962307
3,CPU usage [%],1377963507,1377963507
3,CPU usage [%],1377964107,1377964107
3,CPU usage [%],1377965007,1377965007
3,CPU usage [%],1377969507,1377969507
3,CPU usage [%],1377972207,1377972207
3,CPU usage [%],1377973107,1377973107
3,CPU usage [%],1377974908,1377974908
3,CPU usage [%],1377975808,1377975808
3,CPU usage [%],1377976708,1377976708
3,CPU usage [%],1377978508,1377978508
3,CPU usage [%],1377980308,1377980308
3,CPU usage [%],1377981208,1377981208
3,CPU usage [%],1377982108,1377982108
3,CPU usage [%],1377983908,1377983908
3,CPU usage [%],1377984808,1377984808
3,CPU usage [%],1377985708,1377985708
3,CPU usage [%],1377986608,1377986608
3,CPU usage [%],1377988408,1377988408
3,CPU usage [%],1377990209,1377990209
3,CPU usage [%],1377991109,1377991109
3,CPU usage [%],1377995609,1377995609
3,CPU usage [%],1377996509,1377996509
3,CPU usage [%],1377998310,1377998310
3,CPU usage [%],1378000110,1378000110
3,CPU usage [%],1378001910,1378001910
3,CPU usage [%],1378002810,1378002810
3,CPU usage [%],1378005510,1378005510
3,CPU usage [%],1378006410,1378006410
3,CPU usage [%],1378009111,1378009111
3,CPU usage [%],1378012111,1378012111
3,CPU usage [%],1378012711,1378012711
3,CPU usage [%],1378013611,1378013611
3,CPU usage [%],1378016311,1378016311
3,CPU usage [%],1378018111,1378018111
3,CPU usage [%],1378019912,1378019912
3,CPU usage [%],1378020812,1378020812
3,CPU usage [%],1378022612,1378022612
3,CPU usage [%],1378025312,1378025312
3,CPU usage [%],1378027112,1378027112
3,CPU usage [%],1378032513,1378032513
3,CPU usage [%],1378036114,1378036114
3,CPU usage [%],1378039714,1378039714
3,CPU usage [%],1378041514,1378041514
3,CPU usage [%],1378043615,1378044215
3,CPU usage [%],1378045115,1378045115
3,CPU usage [%],1378068517,1378068517
3,CPU usage [%],1378086518,1378086518
3,CPU usage [%],1378125822,1378125822
3,CPU usage [%],1378150724,1378150724
3,CPU usage [%],1378172927,1378172927
3,CPU usage [%],1378179227,1378179227
3,CPU usage [%],1378227533,1378227533
3,CPU usage [%],1378259336,1378259336
3,CPU usage [%],1378285139,1378285139
3,CPU usage [%],1378333444,1378333444
3,CPU usage [%],1378345745,1378345745
3,CPU usage [%],1378380248,1378380248
3,CPU usage [%],1378430953,1378430953
3,CPU usage [%],1378477458,1378478058
3,CPU usage [%],1378518861,1378518861
3,CPU usage [%],1378529662,1378529662
3,CPU usage [%],1378586368,1378586368
3,CPU usage [%],1378605269,1378605269
3,CPU usage [%],1378640973,1378640973
3,CPU usage [%],1378691679,1378691679
3,CPU usage [%],1378696479,1378696479
3,CPU usage [%],1378725582,1378725582
3,CPU usage [%],1378741483,1378741483
3,CPU usage [%],1378743284,1378743284
3,CPU usage [%],1378744184,1378744184
3,CPU usage [%],1378745984,1378745984
3,CPU usage [%],1378747784,1378747784
3,CPU usage [%],1378748684,1378748684
3,CPU usage [%],1378749884,1378749884
3,CPU usage [%],1378752284,1378752284
3,CPU usage [%],1378753185,1378753185
3,CPU usage [%],1378756785,1378756785
3,CPU usage [%],1378758585,1378758585
3,CPU usage [%],1378764886,1378764886
3,CPU usage [%],1378778087,1378778087
3,CPU usage [%],1378787388,1378787388
3,CPU usage [%],1378800289,1378800289
3,CPU usage [%],1378806289,1378806289
3,CPU usage [%],1378811690,1378811690
3,CPU usage [%],1378814390,1378814390
3,CPU usage [%],1378824591,1378840192
3,CPU usage [%],1378853094,1378853094
3,CPU usage [%],1378864494,1378864494
3,CPU usage [%],1378882496,1378882796
3,CPU usage [%],1378883696,1378883696
3,CPU usage [%],1378891797,1378891797
3,CPU usage [%],1378896897,1378897197
3,CPU usage [%],1378898097,1378898097
3,CPU usage [%],1378898997,1378898997
3,CPU usage [%],1378906798,1378906798
3,Memory usage [KB],1376315746,1376316346
3,Memory usage [KB],1376316946,1376316946
3,Memory usage [KB],1376318146,1376318146
3,Memory usage [KB],1376320246,1376320246
3,Memory usage [KB],1376321446,1376321446
3,Memory usage [KB],1376322046,1376322046
3,Memory usage [KB],1376322647,1376322947
3,Memory usage [KB],1376324147,1376324147
3,Memory usage [KB],1376326547,1376326547
3,Memory usage [KB],1376328647,1376328647
3,Memory usage [KB],1376329247,1376329547
3,Memory usage [KB],1376331047,1376331347
3,Memory usage [KB],1376331947,1376331947
3,Memory usage [KB],1376332847,1376333147
3,Memory usage [KB],1376334947,1376334947
3,Memory usage [KB],1376336147,1376336147
3,Memory usage [KB],1376337347,1376337347
3,Memory usage [KB],1376337947,1376338248
3,Memory usage [KB],1376340048,1376340048
3,Memory usage [KB],1376342148,1376342448
3,Memory usage [KB],1376343648,1376343648
3,Memory usage [KB],1376345148,1376345148
3,Memory usage [KB],1376346948,1376346948
3,Memory usage [KB],1376348148,1376348148
3,Memory usage [KB],1376349949,1376349949
3,Memory usage [KB],1376351749,1376351749
3,Memory usage [KB],1376352349,1376352349
3,Memory usage [KB],1376353549,1376353549
3,Memory usage [KB],1376354149,1376354449
3,Memory usage [KB],1376356549,1376356549
3,Memory usage [KB],1376357149,1376357749
3,Memory usage [KB],1376359250,1376359250
3,Memory usage [KB],1376359850,1376359850
3,Memory usage [KB],1376363449,1376363449
3,Memory usage [KB],1376364349,1376364349
3,Memory usage [KB],1376365550,1376365550
3,Memory usage [KB],1376366750,1376366750
3,Memory usage [KB],1376368250,1376368550
3,Memory usage [KB],1376370050,1376370050
3,Memory usage [KB],1376371550,1376371550
3,Memory usage [KB],1376372450,1376372450
3,Memory usage [KB],1376374851,1376374851
3,Memory usage [KB],1376376051,1376376051
3,Memory usage [KB],1376376951,1376376951
3,Memory usage [KB],1376378751,1376379051
3,Memory usage [KB],1376380551,1376380551
3,Memory usage [KB],1376381451,1376381451
3,Memory usage [KB],1376383251,1376383551
3,Memory usage [KB],1376386552,1376386552
3,Memory usage [KB],1376387752,1376387752
3,Memory usage [KB],1376389552,1376389552
3,Memory usage [KB],1376390152,1376390152
3,Memory usage [KB],1376391352,1376391352
3,Memory usage [KB],1376392252,1376392252
3,Memory usage [KB],1376394953,1376394953
3,Memory usage [KB],1376396152,1376396152
3,Memory usage [KB],1376397052,1376397052
3,Memory usage [KB],1376399753,1376399753
3,Memory usage [KB],1376400353,1376400353
3,Memory usage [KB],1376400953,1376400953
3,Memory usage [KB],1376401553,1376401553
3,Memory usage [KB],1376402753,1376402753
3,Memory usage [KB],1376404853,1376404853
3,Memory usage [KB],1376406353,1376406353
3,Memory usage [KB],1376407554,1376407554
3,Memory usage [KB],1376408454,1376408454
3,Memory usage [KB],1376410254,1376410254
3,Memory usage [KB],1376411154,1376411754
3,Memory usage [KB],1376413855,1376413855
3,Memory usage [KB],1376416855,1376416855
3,Memory usage [KB],1376418055,1376418055
3,Memory usage [KB],1376419855,1376419855
3,Memory usage [KB],1376420755,1376420755
3,Memory usage [KB],1376421655,1376421655
3,Memory usage [KB],1376423756,1376423756
3,Memory usage [KB],1376424656,1376424656
3,Memory usage [KB],1376425556,1376425856
3,Memory usage [KB],1376427656,1376427656
3,Memory usage [KB],1376428856,1376429156
3,Memory usage [KB],1376430056,1376430056
3,Memory usage [KB],1376430656,1376430656
3,Memory usage [KB],1376431856,1376431856
3,Memory usage [KB],1376432756,1376432756
3,Memory usage [KB],1376433956,1376434256
3,Memory usage [KB],1376435456,1376435756
3,Memory usage [KB],1376437256,1376437256
3,Memory usage [KB],1376437856,1376437856
3,Memory usage [KB],1376441757,1376441757
3,Memory usage [KB],1376442957,1376442957
3,Memory usage [KB],1376443857,1376443857
3,Memory usage [KB],1376445057,1376445057
3,Memory usage [KB],1376446557,1376447157
3,Memory usage [KB],1376451658,1376451658
3,Memory usage [KB],1376453158,1376453158
3,Memory usage [KB],1376455858,1376455858
3,Memory usage [KB],1376456758,1376457058
3,Memory usage [KB],1376459159,1376459159
3,Memory usage [KB],1376460059,1376462158
3,Memory usage [KB],1376463059,1376463059
3,Memory usage [KB],1376464259,1376464259
3,Memory usage [KB],1376464859,1376464859
3,Memory usage [KB],1376465459,1376465459
3,Memory usage [KB],1376470559,1376470559
3,Memory usage [KB],1376472059,1376472059
3,Memory usage [KB],1376473860,1376473860
3,Memory usage [KB],1376475960,1376475960
3,Memory usage [KB],1376476560,1376476560
3,Memory usage [KB],1376477160,1376477760
3,Memory usage [KB],1376480460,1376480460
3,Memory usage [KB],1376484061,1376484061
3,Memory usage [KB],1376485861,1376485861
3,Memory usage [KB],1376488861,1376488861
3,Memory usage [KB],1376490662,1376490662
3,Memory usage [KB],1376491262,1376491262
3,Memory usage [KB],1376492162,1376492162
3,Memory usage [KB],1376493362,1376493362
3,Memory usage [KB],1376496362,1376496362
3,Memory usage [KB],1376497862,1376498162
3,Memory usage [KB],1376499362,1376499362
3,Memory usage [KB],1376500262,1376500862
3,Memory usage [KB],1376501762,1376502062
3,Memory usage [KB],1376504763,1376505063
3,Memory usage [KB],1376505663,1376505663
3,Memory usage [KB],1376506263,1376506263
3,Memory usage [KB],1376507463,1376508363
3,Memory usage [KB],1376517365,1376517365
3,Memory usage [KB],1376518565,1376518865
3,Memory usage [KB],1376520365,1376520365
3,Memory usage [KB],1376521265,1376521565
3,Memory usage [KB],1376522765,1376523065
3,Memory usage [KB],1376524565,1376524565
3,Memory usage [KB],1376526365,1376526365
3,Memory usage [KB],1376527565,1376527565
3,Memory usage [KB],1376528165,1376528165
3,Memory usage [KB],1376529065,1376529065
3,Memory usage [KB],1376529666,1376529666
3,Memory usage [KB],1376530266,1376530566
3,Memory usage [KB],1376531766,1376531766
3,Memory usage [KB],1376533566,1376533566
3,Memory usage [KB],1376535366,1376535366
3,Memory usage [KB],1376536566,1376536566
3,Memory usage [KB],1376537466,1376537766
3,Memory usage [KB],1376539567,1376539567
3,Memory usage [KB],1376542567,1376542567
3,Memory usage [KB],1376544067,1376544067
3,Memory usage [KB],1376545267,1376545267
3,Memory usage [KB],1376548567,1376549467
3,Memory usage [KB],1376550667,1376550667
3,Memory usage [KB],1376551268,1376551568
3,Memory usage [KB],1376552768,1376553368
3,Memory usage [KB],1376554568,1376554568
3,Memory usage [KB],1376555468,1376555468
3,Memory usage [KB],1376557568,1376558468
3,Memory usage [KB],1376564769,1376565069
3,Memory usage [KB],1376566569,1376566569
3,Memory usage [KB],1376568369,1376568369
3,Memory usage [KB],1376568969,1376568969
3,Memory usage [KB],1376572569,1376572569
3,Memory usage [KB],1376573169,1376573469
3,Memory usage [KB],1376574069,1376574369
3,Memory usage [KB],1376575569,1376575569
3,Memory usage [KB],1376577369,1376577669
3,Memory usage [KB],1376578270,1376578570
3,Memory usage [KB],1376580370,1376580370
3,Memory usage [KB],1376582170,1376582170
3,Memory usage [KB],1376583370,1376583970
3,Memory usage [KB],1376584570,1376584570
3,Memory usage [KB],1376586370,1376586370
3,Memory usage [KB],1376588471,1376588471
3,Memory usage [KB],1376589970,1376589970
3,Memory usage [KB],1376597471,1376597771
3,Memory usage [KB],1376598371,1376598371
3,Memory usage [KB],1376601972,1376601972
3,Memory usage [KB],1376603472,1376604072
3,Memory usage [KB],1376606172,1376606172
3,Memory usage [KB],1376606772,1376606772
3,Memory usage [KB],1376607972,1376607972
3,Memory usage [KB],1376608872,1376608872
3,Memory usage [KB],1376610972,1376610972
3,Memory usage [KB],1376611872,1376611872
3,Memory usage [KB],1376612472,1376612472
3,Memory usage [KB],1376614272,1376614272
3,Memory usage [KB],1376617573,1376617873
3,Memory usage [KB],1376619073,1376619073
3,Memory usage [KB],1376620273,1376620573
3,Memory usage [KB],1376624773,1376624773
3,Memory usage [KB],1376628073,1376628073
3,Memory usage [KB],1376629273,1376629873
3,Memory usage [KB],1376631074,1376631074
3,Memory usage [KB],1376632274,1376632274
3,Memory usage [KB],1376632874,1376632874
3,Memory usage [KB],1376634074,1376634074
3,Memory usage [KB],1376636174,1376636174
3,Memory usage [KB],1376641275,1376641275
3,Memory usage [KB],1376642775,1376642775
3,Memory usage [KB],1376644275,1376644275
3,Memory usage [KB],1376645175,1376645175
3,Memory usage [KB],1376645775,1376645775
3,Memory usage [KB],1376646975,1376647575
3,Memory usage [KB],1376650276,1376650276
3,Memory usage [KB],1376650876,1376650876
3,Memory usage [KB],1376655076,1376655076
3,Memory usage [KB],1376655676,1376655676
3,Memory usage [KB],1376656276,1376656276
3,Memory usage [KB],1376658076,1376658376
3,Memory usage [KB],1376659276,1376659276
3,Memory usage [KB],1376661376,1376661376
3,Memory usage [KB],1376663176,1376663176
3,Memory usage [KB],1376664077,1376664077
3,Memory usage [KB],1376665577,1376665577
3,Memory usage [KB],1376666177,1376666477
3,Memory usage [KB],1376667377,1376667377
3,Memory usage [KB],1376667977,1376668277
3,Memory usage [KB],1376670977,1376671277
3,Memory usage [KB],1376672178,1376672178
3,Memory usage [KB],1376674278,1376674278
3,Memory usage [KB],1376675178,1376675178
3,Memory usage [KB],1376676978,1376677278
3,Memory usage [KB],1376680279,1376680279
3,Memory usage [KB],1376682979,1376682979
3,Memory usage [KB],1376685379,1376685379
3,Memory usage [KB],1376686579,1376686579
3,Memory usage [KB],1376688079,1376688079
3,Memory usage [KB],1376690179,1376690179
3,Memory usage [KB],1376690779,1376690779
3,Memory usage [KB],1376692279,1376692879
3,Memory usage [KB],1376694080,1376694380
3,Memory usage [KB],1376695280,1376695280
3,Memory usage [KB],1376696480,1376696480
3,Memory usage [KB],1376697680,1376697680
3,Memory usage [KB],1376698880,1376698880
3,Memory usage [KB],1376699480,1376699480
3,Memory usage [KB],1376701280,1376701280
3,Memory usage [KB],1376701881,1376701881
3,Memory usage [KB],1376703081,1376703381
3,Memory usage [KB],1376704581,1376704581
3,Memory usage [KB],1376709081,1376709081
3,Memory usage [KB],1376710281,1376710281
3,Memory usage [KB],1376710881,1376710881
3,Memory usage [KB],1376715682,1376715982
3,Memory usage [KB],1376716882,1376716882
3,Memory usage [KB],1376718082,1376718082
3,Memory usage [KB],1376719282,1376719282
3,Memory usage [KB],1376720782,1376721082
3,Memory usage [KB],1376722282,1376722582
3,Memory usage [KB],1376724682,1376724682
3,Memory usage [KB],1376725282,1376725282
3,Memory usage [KB],1376726482,1376726482
3,Memory usage [KB],1376735484,1376735484
3,Memory usage [KB],1376736384,1376736384
3,Memory usage [KB],1376737884,1376737884
3,Memory usage [KB],1376739984,1376739984
3,Memory usage [KB],1376740584,1376740584
3,Memory usage [KB],1376745085,1376745085
3,Memory usage [KB],1376746285,1376746285
3,Memory usage [KB],1376747785,1376747785
3,Memory usage [KB],1376750785,1376750785
3,Memory usage [KB],1376751685,1376751685
3,Memory usage [KB],1376753186,1376753186
3,Memory usage [KB],1376754385,1376754385
3,Memory usage [KB],1376755285,1376755285
3,Memory usage [KB],1376756185,1376756185
3,Memory usage [KB],1376757985,1376757985
3,Memory usage [KB],1376758885,1376758885
3,Memory usage [KB],1376760686,1376760686
3,Memory usage [KB],1376763686,1376763686
3,Memory usage [KB],1376764886,1376764886
3,Memory usage [KB],1376766686,1376766986
3,Memory usage [KB],1376768487,1376768487
3,Memory usage [KB],1376769687,1376769987
3,Memory usage [KB],1376771187,1376771487
3,Memory usage [KB],1376773587,1376773887
3,Memory usage [KB],1376778991,1376778991
3,Memory usage [KB],1376780191,1376780191
3,Memory usage [KB],1376782291,1376782291
3,Memory usage [KB],1376784392,1376784992
3,Memory usage [KB],1376785892,1376786191
3,Memory usage [KB],1376788891,1376789191
3,Memory usage [KB],1376789791,1376789791
3,Memory usage [KB],1376790392,1376790392
3,Memory usage [KB],1376790992,1376791292
3,Memory usage [KB],1376795492,1376795492
3,Memory usage [KB],1376796392,1376796392
3,Memory usage [KB],1376796992,1376796992
3,Memory usage [KB],1376799093,1376799093
3,Memory usage [KB],1376800893,1376800893
3,Memory usage [KB],1376802093,1376802093
3,Memory usage [KB],1376802993,1376803593
3,Memory usage [KB],1376804493,1376804793
3,Memory usage [KB],1376805393,1376805393
3,Memory usage [KB],1376811694,1376811994
3,Memory usage [KB],1376814394,1376814394
3,Memory usage [KB],1376815594,1376815594
3,Memory usage [KB],1376818594,1376818894
3,Memory usage [KB],1376819794,1376819794
3,Memory usage [KB],1376820694,1376821894
3,Memory usage [KB],1376827895,1376827895
3,Memory usage [KB],1376829995,1376829995
3,Memory usage [KB],1376831495,1376831495
3,Memory usage [KB],1376832396,1376832396
3,Memory usage [KB],1376833296,1376833296
3,Memory usage [KB],1376834196,1376834495
3,Memory usage [KB],1376836895,1376837795
3,Memory usage [KB],1376838996,1376838996
3,Memory usage [KB],1376839596,1376839596
3,Memory usage [KB],1376841396,1376841396
3,Memory usage [KB],1376842296,1376842296
3,Memory usage [KB],1376843796,1376844096
3,Memory usage [KB],1376844996,1376844996
3,Memory usage [KB],1376845896,1376845896
3,Memory usage [KB],1376846496,1376847096
3,Memory usage [KB],1376847696,1376848596
3,Memory usage [KB],1376849796,1376849796
3,Memory usage [KB],1376850396,1376850396
3,Memory usage [KB],1376850996,1376850996
3,Memory usage [KB],1376851596,1376851596
3,Memory usage [KB],1376853996,1376853996
3,Memory usage [KB],1376856997,1376856997
3,Memory usage [KB],1376858197,1376858197
3,Memory usage [KB],1376859997,1376859997
3,Memory usage [KB],1376862097,1376862097
3,Memory usage [KB],1376863898,1376863898
3,Memory usage [KB],1376864798,1376865398
3,Memory usage [KB],1376868401,1376869001
3,Memory usage [KB],1376875001,1376875001
3,Memory usage [KB],1376875601,1376875601
3,Memory usage [KB],1376876201,1376876201
3,Memory usage [KB],1376878001,1376878001
3,Memory usage [KB],1376879202,1376879202
3,Memory usage [KB],1376880102,1376880102
3,Memory usage [KB],1376882202,1376882202
3,Memory usage [KB],1376882802,1376882802
3,Memory usage [KB],1376883702,1376883702
3,Memory usage [KB],1376885202,1376885202
3,Memory usage [KB],1376885802,1376886402
3,Memory usage [KB],1376887902,1376888202
3,Memory usage [KB],1376890003,1376890003
3,Memory usage [KB],1376890903,1376890903
3,Memory usage [KB],1376891503,1376891503
3,Memory usage [KB],1376893603,1376893603
3,Memory usage [KB],1376895703,1376895703
3,Memory usage [KB],1376896904,1376897204
3,Memory usage [KB],1376900804,1376900804
3,Memory usage [KB],1376903504,1376903504
3,Memory usage [KB],1376904404,1376904704
3,Memory usage [KB],1376905304,1376905304
3,Memory usage [KB],1376906204,1376906504
3,Memory usage [KB],1376907104,1376907104
3,Memory usage [KB],1376907704,1376907704
3,Memory usage [KB],1376910404,1376910404
3,Memory usage [KB],1376911305,1376911305
3,Memory usage [KB],1376912505,1376912505
3,Memory usage [KB],1376913705,1376913705
3,Memory usage [KB],1376915505,1376915505
3,Memory usage [KB],1376916405,1376916405
3,Memory usage [KB],1376917005,1376917005
3,Memory usage [KB],1376917905,1376917905
3,Memory usage [KB],1376920005,1376920005
3,Memory usage [KB],1376922706,1376922706
3,Memory usage [KB],1376923606,1376923906
3,Memory usage [KB],1376926906,1376926906
3,Memory usage [KB],1376927506,1376927506
3,Memory usage [KB],1376928106,1376928106
3,Memory usage [KB],1376931407,1376931407
3,Memory usage [KB],1376933807,1376933807
3,Memory usage [KB],1376936507,1376936807
3,Memory usage [KB],1376938607,1376938607
3,Memory usage [KB],1376939808,1376939808
3,Memory usage [KB],1376941908,1376942208
3,Memory usage [KB],1376943708,1376943708
3,Memory usage [KB],1376944908,1376945208
3,Memory usage [KB],1376947609,1376947609
3,Memory usage [KB],1376949408,1376949709
3,Memory usage [KB],1376950609,1376950609
3,Memory usage [KB],1376951209,1376952109
3,Memory usage [KB],1376954810,1376954810
3,Memory usage [KB],1376956910,1376956910
3,Memory usage [KB],1376958710,1376958710
3,Memory usage [KB],1376959310,1376959310
3,Memory usage [KB],1376960810,1376961110
3,Memory usage [KB],1376961710,1376961710
3,Memory usage [KB],1376962611,1376962611
3,Memory usage [KB],1376963211,1376963211
3,Memory usage [KB],1376964411,1376964411
3,Memory usage [KB],1376965011,1376965011
3,Memory usage [KB],1376966211,1376966211
3,Memory usage [KB],1376966811,1376966811
3,Memory usage [KB],1376967411,1376967411
3,Memory usage [KB],1376970111,1376970111
3,Memory usage [KB],1376970711,1376970711
3,Memory usage [KB],1376971911,1376971911
3,Memory usage [KB],1376972812,1376972812
3,Memory usage [KB],1376974612,1376974612
3,Memory usage [KB],1376975512,1376975512
3,Memory usage [KB],1376976712,1376977012
3,Memory usage [KB],1376979712,1376979712
3,Memory usage [KB],1376980312,1376980312
3,Memory usage [KB],1376981212,1376981812
3,Memory usage [KB],1376983612,1376983612
3,Memory usage [KB],1376984812,1376984812
3,Memory usage [KB],1376985712,1376985712
3,Memory usage [KB],1376986612,1376986612
3,Memory usage [KB],1376988712,1376988712
3,Memory usage [KB],1376990212,1376990512
3,Memory usage [KB],1376994724,1376994724
3,Memory usage [KB],1376995624,1376995624
3,Memory usage [KB],1376997724,1376997724
3,Memory usage [KB],1376998924,1376998924
3,Memory usage [KB],1377001624,1377001624
3,Memory usage [KB],1377002524,1377002524
3,Memory usage [KB],1377003425,1377003725
3,Memory usage [KB],1377005225,1377005525
3,Memory usage [KB],1377007625,1377007925
3,Memory usage [KB],1377010625,1377010625
3,Memory usage [KB],1377013926,1377013926
3,Memory usage [KB],1377015725,1377015725
3,Memory usage [KB],1377017225,1377017225
3,Memory usage [KB],1377017826,1377017826
3,Memory usage [KB],1377020526,1377020526
3,Memory usage [KB],1377021126,1377021426
3,Memory usage [KB],1377024126,1377024126
3,Memory usage [KB],1377025026,1377025026
3,Memory usage [KB],1377027127,1377027127
3,Memory usage [KB],1377028327,1377028327
3,Memory usage [KB],1377029527,1377029527
3,Memory usage [KB],1377030127,1377030127
3,Memory usage [KB],1377031027,1377031927
3,Memory usage [KB],1377033727,1377033727
3,Memory usage [KB],1377035828,1377035828
3,Memory usage [KB],1377037628,1377037628
3,Memory usage [KB],1377039429,1377039429
3,Memory usage [KB],1377040329,1377040329
3,Memory usage [KB],1377041829,1377042129
3,Memory usage [KB],1377044829,1377044829
3,Memory usage [KB],1377048729,1377048729
3,Memory usage [KB],1377049329,1377049329
3,Memory usage [KB],1377051129,1377051129
3,Memory usage [KB],1377052929,1377052929
3,Memory usage [KB],1377053830,1377053830
3,Memory usage [KB],1377054430,1377054430
3,Memory usage [KB],1377057730,1377057730
3,Memory usage [KB],1377058330,1377058330
3,Memory usage [KB],1377060430,1377060430
3,Memory usage [KB],1377061931,1377061931
3,Memory usage [KB],1377063731,1377063731
3,Memory usage [KB],1377066131,1377066131
3,Memory usage [KB],1377067331,1377067331
3,Memory usage [KB],1377071532,1377071532
3,Memory usage [KB],1377073632,1377073632
3,Memory usage [KB],1377074232,1377074232
3,Memory usage [KB],1377075732,1377075732
3,Memory usage [KB],1377077232,1377077232
3,Memory usage [KB],1377078132,1377078132
3,Memory usage [KB],1377079032,1377079332
3,Memory usage [KB],1377079932,1377079932
3,Memory usage [KB],1377080832,1377081432
3,Memory usage [KB],1377082632,1377082632
3,Memory usage [KB],1377083532,1377083532
3,Memory usage [KB],1377084732,1377084732
3,Memory usage [KB],1377085332,1377085632
3,Memory usage [KB],1377087732,1377087732
3,Memory usage [KB],1377089833,1377089833
3,Memory usage [KB],1377091033,1377091033
3,Memory usage [KB],1377091633,1377091933
3,Memory usage [KB],1377093733,1377093733
3,Memory usage [KB],1377094933,1377094933
3,Memory usage [KB],1377096133,1377096133
3,Memory usage [KB],1377097933,1377097933
3,Memory usage [KB],1377104234,1377105434
3,Memory usage [KB],1377106635,1377106635
3,Memory usage [KB],1377107835,1377107835
3,Memory usage [KB],1377111435,1377111435
3,Memory usage [KB],1377112336,1377112336
3,Memory usage [KB],1377112935,1377112935
3,Memory usage [KB],1377114135,1377114735
3,Memory usage [KB],1377116835,1377116835
3,Memory usage [KB],1377118636,1377118636
3,Memory usage [KB],1377119536,1377119536
3,Memory usage [KB],1377121336,1377121336
3,Memory usage [KB],1377121936,1377121936
3,Memory usage [KB],1377122537,1377122537
3,Memory usage [KB],1377123137,1377123137
3,Memory usage [KB],1377123737,1377123737
3,Memory usage [KB],1377125837,1377125837
3,Memory usage [KB],1377128837,1377128837
3,Memory usage [KB],1377129737,1377129737
3,Memory usage [KB],1377130337,1377130337
3,Memory usage [KB],1377131837,1377132438
3,Memory usage [KB],1377133638,1377133638
3,Memory usage [KB],1377134838,1377134838
3,Memory usage [KB],1377135438,1377135738
3,Memory usage [KB],1377137238,1377137538
3,Memory usage [KB],1377138138,1377138738
3,Memory usage [KB],1377140238,1377140238
3,Memory usage [KB],1377144438,1377144438
3,Memory usage [KB],1377145938,1377145938
3,Memory usage [KB],1377149238,1377149238
3,Memory usage [KB],1377152839,1377152839
3,Memory usage [KB],1377156739,1377156739
3,Memory usage [KB],1377158239,1377158239
3,Memory usage [KB],1377159440,1377159440
3,Memory usage [KB],1377160040,1377160040
3,Memory usage [KB],1377161540,1377162439
3,Memory usage [KB],1377163639,1377163639
3,Memory usage [KB],1377164239,1377164840
3,Memory usage [KB],1377166640,1377166640
3,Memory usage [KB],1377168440,1377168440
3,Memory usage [KB],1377169340,1377169340
3,Memory usage [KB],1377171440,1377171440
3,Memory usage [KB],1377172641,1377172641
3,Memory usage [KB],1377174741,1377174741
3,Memory usage [KB],1377176241,1377176241
3,Memory usage [KB],1377177441,1377177441
3,Memory usage [KB],1377178041,1377178041
3,Memory usage [KB],1377179541,1377179541
3,Memory usage [KB],1377180441,1377180441
3,Memory usage [KB],1377182542,1377182542
3,Memory usage [KB],1377183442,1377183442
3,Memory usage [KB],1377184642,1377184642
3,Memory usage [KB],1377185542,1377185542
3,Memory usage [KB],1377186442,1377186442
3,Memory usage [KB],1377187942,1377187942
3,Memory usage [KB],1377188542,1377188842
3,Memory usage [KB],1377190042,1377190943
3,Memory usage [KB],1377191543,1377191843
3,Memory usage [KB],1377192443,1377192443
3,Memory usage [KB],1377193343,1377193343
3,Memory usage [KB],1377194543,1377194843
3,Memory usage [KB],1377195443,1377195443
3,Memory usage [KB],1377196343,1377196343
3,Memory usage [KB],1377196943,1377196943
3,Memory usage [KB],1377198143,1377198443
3,Memory usage [KB],1377200543,1377200543
3,Memory usage [KB],1377202943,1377202943
3,Memory usage [KB],1377203543,1377203543
3,Memory usage [KB],1377206244,1377206244
3,Memory usage [KB],1377208644,1377209545
3,Memory usage [KB],1377211345,1377211345
3,Memory usage [KB],1377211945,1377212545
3,Memory usage [KB],1377213145,1377213445
3,Memory usage [KB],1377214045,1377214045
3,Memory usage [KB],1377216745,1377216745
3,Memory usage [KB],1377217645,1377217645
3,Memory usage [KB],1377219745,1377219745
3,Memory usage [KB],1377220646,1377220646
3,Memory usage [KB],1377222146,1377222446
3,Memory usage [KB],1377223046,1377223046
3,Memory usage [KB],1377227546,1377227846
3,Memory usage [KB],1377229346,1377229646
3,Memory usage [KB],1377230846,1377231146
3,Memory usage [KB],1377231746,1377231746
3,Memory usage [KB],1377233247,1377233247
3,Memory usage [KB],1377234147,1377234147
3,Memory usage [KB],1377235647,1377235647
3,Memory usage [KB],1377236547,1377236847
3,Memory usage [KB],1377238347,1377238347
3,Memory usage [KB],1377238947,1377239247
3,Memory usage [KB],1377239847,1377239847
3,Memory usage [KB],1377240447,1377240447
3,Memory usage [KB],1377241647,1377241947
3,Memory usage [KB],1377242848,1377243448
3,Memory usage [KB],1377244048,1377244048
3,Memory usage [KB],1377245847,1377245847
3,Memory usage [KB],1377247948,1377247948
3,Memory usage [KB],1377249448,1377249448
3,Memory usage [KB],1377250048,1377250048
3,Memory usage [KB],1377252448,1377252448
3,Memory usage [KB],1377254248,1377254848
3,Memory usage [KB],1377256948,1377256948
3,Memory usage [KB],1377260249,1377260249
3,Memory usage [KB],1377262649,1377262649
3,Memory usage [KB],1377263549,1377263549
3,Memory usage [KB],1377266249,1377266249
3,Memory usage [KB],1377268349,1377268349
3,Memory usage [KB],1377268949,1377268949
3,Memory usage [KB],1377269849,1377269849
3,Memory usage [KB],1377270449,1377270449
3,Memory usage [KB],1377271049,1377271049
3,Memory usage [KB],1377272550,1377272850
3,Memory usage [KB],1377274050,1377274950
3,Memory usage [KB],1377276150,1377276150
3,Memory usage [KB],1377277350,1377277350
3,Memory usage [KB],1377279450,1377279450
3,Memory usage [KB],1377280050,1377280050
3,Memory usage [KB],1377281551,1377281551
3,Memory usage [KB],1377283351,1377283351
3,Memory usage [KB],1377284251,1377284251
3,Memory usage [KB],1377285451,1377285451
3,Memory usage [KB],1377286051,1377286351
3,Memory usage [KB],1377287251,1377287551
3,Memory usage [KB],1377288451,1377288751
3,Memory usage [KB],1377289651,1377289651
3,Memory usage [KB],1377292352,1377292352
3,Memory usage [KB],1377294451,1377294451
3,Memory usage [KB],1377295051,1377295352
3,Memory usage [KB],1377301052,1377301352
3,Memory usage [KB],1377302252,1377302252
3,Memory usage [KB],1377302852,1377302852
3,Memory usage [KB],1377304052,1377304052
3,Memory usage [KB],1377306153,1377306153
3,Memory usage [KB],1377311853,1377311853
3,Memory usage [KB],1377312453,1377312453
3,Memory usage [KB],1377315754,1377316054
3,Memory usage [KB],1377316954,1377316954
3,Memory usage [KB],1377317554,1377317854
3,Memory usage [KB],1377320254,1377320254
3,Memory usage [KB],1377321454,1377321454
3,Memory usage [KB],1377325355,1377325355
3,Memory usage [KB],1377327755,1377328355
3,Memory usage [KB],1377329555,1377329555
3,Memory usage [KB],1377330455,1377330455
3,Memory usage [KB],1377333155,1377333155
3,Memory usage [KB],1377334355,1377334355
3,Memory usage [KB],1377335555,1377335555
3,Memory usage [KB],1377337055,1377337355
3,Memory usage [KB],1377339456,1377339456
3,Memory usage [KB],1377340056,1377340056
3,Memory usage [KB],1377340956,1377340956
3,Memory usage [KB],1377342156,1377342456
3,Memory usage [KB],1377343056,1377343056
3,Memory usage [KB],1377343956,1377343956
3,Memory usage [KB],1377344556,1377344556
3,Memory usage [KB],1377347256,1377347256
3,Memory usage [KB],1377348757,1377348757
3,Memory usage [KB],1377351157,1377351157
3,Memory usage [KB],1377352657,1377352657
3,Memory usage [KB],1377357457,1377357457
3,Memory usage [KB],1377358357,1377358658
3,Memory usage [KB],1377359557,1377360157
3,Memory usage [KB],1377362557,1377363157
3,Memory usage [KB],1377363757,1377364057
3,Memory usage [KB],1377364957,1377364957
3,Memory usage [KB],1377365558,1377365558
3,Memory usage [KB],1377366158,1377366158
3,Memory usage [KB],1377367058,1377367058
3,Memory usage [KB],1377369158,1377369158
3,Memory usage [KB],1377370358,1377370658
3,Memory usage [KB],1377371558,1377371558
3,Memory usage [KB],1377372158,1377372158
3,Memory usage [KB],1377373358,1377373358
3,Memory usage [KB],1377373958,1377374259
3,Memory usage [KB],1377375459,1377375459
3,Memory usage [KB],1377378159,1377378159
3,Memory usage [KB],1377380259,1377380559
3,Memory usage [KB],1377381159,1377381159
3,Memory usage [KB],1377381759,1377382359
3,Memory usage [KB],1377383859,1377383859
3,Memory usage [KB],1377386260,1377386260
3,Memory usage [KB],1377387160,1377387160
3,Memory usage [KB],1377389560,1377390160
3,Memory usage [KB],1377391360,1377391360
3,Memory usage [KB],1377392261,1377392261
3,Memory usage [KB],1377393161,1377393461
3,Memory usage [KB],1377394061,1377394061
3,Memory usage [KB],1377394961,1377394961
3,Memory usage [KB],1377396161,1377396161
3,Memory usage [KB],1377396761,1377396761
3,Memory usage [KB],1377397361,1377397361
3,Memory usage [KB],1377397961,1377397961
3,Memory usage [KB],1377398561,1377398561
3,Memory usage [KB],1377399161,1377399161
3,Memory usage [KB],1377400962,1377401262
3,Memory usage [KB],1377401862,1377401862
3,Memory usage [KB],1377402462,1377402462
3,Memory usage [KB],1377403062,1377403062
3,Memory usage [KB],1377404562,1377405162
3,Memory usage [KB],1377405762,1377405762
3,Memory usage [KB],1377406662,1377406662
3,Memory usage [KB],1377407262,1377407562
3,Memory usage [KB],1377408462,1377408462
3,Memory usage [KB],1377409362,1377409362
3,Memory usage [KB],1377410262,1377410862
3,Memory usage [KB],1377411463,1377411463
3,Memory usage [KB],1377412963,1377412963
3,Memory usage [KB],1377413563,1377414163
3,Memory usage [KB],1377416563,1377416563
3,Memory usage [KB],1377417163,1377417163
3,Memory usage [KB],1377419864,1377419864
3,Memory usage [KB],1377421064,1377421064
3,Memory usage [KB],1377421664,1377421664
3,Memory usage [KB],1377422264,1377422264
3,Memory usage [KB],1377423164,1377423164
3,Memory usage [KB],1377425263,1377425563
3,Memory usage [KB],1377426163,1377426163
3,Memory usage [KB],1377426763,1377427663
3,Memory usage [KB],1377430063,1377430063
3,Memory usage [KB],1377430964,1377430964
3,Memory usage [KB],1377431864,1377432464
3,Memory usage [KB],1377433664,1377433664
3,Memory usage [KB],1377434564,1377434564
3,Memory usage [KB],1377435164,1377435164
3,Memory usage [KB],1377437264,1377437264
3,Memory usage [KB],1377438164,1377438464
3,Memory usage [KB],1377439364,1377439364
3,Memory usage [KB],1377440564,1377440564
3,Memory usage [KB],1377441164,1377441164
3,Memory usage [KB],1377444165,1377444765
3,Memory usage [KB],1377445365,1377445665
3,Memory usage [KB],1377447465,1377447465
3,Memory usage [KB],1377448065,1377448065
3,Memory usage [KB],1377449865,1377450165
3,Memory usage [KB],1377451365,1377451665
3,Memory usage [KB],1377452266,1377452566
3,Memory usage [KB],1377455566,1377455566
3,Memory usage [KB],1377456466,1377456466
3,Memory usage [KB],1377457066,1377457066
3,Memory usage [KB],1377459166,1377459166
3,Memory usage [KB],1377459766,1377459766
3,Memory usage [KB],1377460666,1377460666
3,Memory usage [KB],1377461266,1377461266
3,Memory usage [KB],1377461866,1377461866
3,Memory usage [KB],1377463366,1377463366
3,Memory usage [KB],1377464266,1377464266
3,Memory usage [KB],1377466067,1377466067
3,Memory usage [KB],1377467267,1377467267
3,Memory usage [KB],1377468167,1377468167
3,Memory usage [KB],1377469967,1377469967
3,Memory usage [KB],1377470567,1377471167
3,Memory usage [KB],1377472667,1377472667
3,Memory usage [KB],1377473867,1377473867
3,Memory usage [KB],1377474467,1377474467
3,Memory usage [KB],1377475067,1377475367
3,Memory usage [KB],1377476267,1377476267
3,Memory usage [KB],1377478668,1377479268
3,Memory usage [KB],1377481068,1377481368
3,Memory usage [KB],1377482868,1377482868
3,Memory usage [KB],1377484068,1377484068
3,Memory usage [KB],1377485268,1377485268
3,Memory usage [KB],1377486168,1377486468
3,Memory usage [KB],1377487668,1377487668
3,Memory usage [KB],1377489469,1377490368
3,Memory usage [KB],1377491868,1377491868
3,Memory usage [KB],1377493068,1377493368
3,Memory usage [KB],1377495169,1377495169
3,Memory usage [KB],1377496069,1377496069
3,Memory usage [KB],1377497269,1377497269
3,Memory usage [KB],1377499969,1377500569
3,Memory usage [KB],1377501169,1377501169
3,Memory usage [KB],1377502070,1377502370
3,Memory usage [KB],1377504170,1377504170
3,Memory usage [KB],1377505070,1377505070
3,Memory usage [KB],1377505670,1377505670
3,Memory usage [KB],1377506270,1377507170
3,Memory usage [KB],1377508370,1377508370
3,Memory usage [KB],1377509570,1377509870
3,Memory usage [KB],1377510771,1377510771
3,Memory usage [KB],1377512571,1377512571
3,Memory usage [KB],1377513171,1377514371
3,Memory usage [KB],1377515571,1377515871
3,Memory usage [KB],1377518871,1377518871
3,Memory usage [KB],1377520072,1377520072
3,Memory usage [KB],1377524571,1377524871
3,Memory usage [KB],1377525771,1377525771
3,Memory usage [KB],1377527571,1377527571
3,Memory usage [KB],1377528472,1377528472
3,Memory usage [KB],1377529072,1377529072
3,Memory usage [KB],1377532072,1377532072
3,Memory usage [KB],1377533872,1377533872
3,Memory usage [KB],1377534772,1377534772
3,Memory usage [KB],1377537172,1377537172
3,Memory usage [KB],1377538072,1377538072
3,Memory usage [KB],1377540473,1377540773
3,Memory usage [KB],1377541673,1377541673
3,Memory usage [KB],1377542573,1377542873
3,Memory usage [KB],1377543473,1377543473
3,Memory usage [KB],1377545573,1377545873
3,Memory usage [KB],1377547073,1377547073
3,Memory usage [KB],1377548573,1377548573
3,Memory usage [KB],1377549173,1377549173
3,Memory usage [KB],1377550374,1377550374
3,Memory usage [KB],1377550974,1377550974
3,Memory usage [KB],1377551874,1377551874
3,Memory usage [KB],1377552774,1377552774
3,Memory usage [KB],1377553374,1377553374
3,Memory usage [KB],1377554574,1377554874
3,Memory usage [KB],1377556674,1377556674
3,Memory usage [KB],1377558174,1377558174
3,Memory usage [KB],1377559074,1377559074
3,Memory usage [KB],1377559974,1377559974
3,Memory usage [KB],1377560574,1377560874
3,Memory usage [KB],1377565374,1377565374
3,Memory usage [KB],1377565974,1377566274
3,Memory usage [KB],1377568075,1377568075
3,Memory usage [KB],1377568675,1377568675
3,Memory usage [KB],1377569575,1377569875
3,Memory usage [KB],1377570475,1377570475
3,Memory usage [KB],1377571375,1377571375
3,Memory usage [KB],1377571975,1377572275
3,Memory usage [KB],1377572875,1377573175
3,Memory usage [KB],1377574076,1377574076
3,Memory usage [KB],1377574976,1377575576
3,Memory usage [KB],1377577076,1377577076
3,Memory usage [KB],1377578876,1377578876
3,Memory usage [KB],1377581276,1377582476
3,Memory usage [KB],1377583077,1377583077
3,Memory usage [KB],1377583977,1377583977
3,Memory usage [KB],1377587577,1377587877
3,Memory usage [KB],1377588477,1377588477
3,Memory usage [KB],1377589676,1377589676
3,Memory usage [KB],1377590277,1377590277
3,Memory usage [KB],1377590877,1377590877
3,Memory usage [KB],1377592077,1377592377
3,Memory usage [KB],1377594177,1377594177
3,Memory usage [KB],1377594777,1377595077
3,Memory usage [KB],1377595677,1377595677
3,Memory usage [KB],1377596877,1377596877
3,Memory usage [KB],1377599577,1377599877
3,Memory usage [KB],1377601077,1377601077
3,Memory usage [KB],1377605278,1377605278
3,Memory usage [KB],1377605878,1377605878
3,Memory usage [KB],1377607078,1377607078
3,Memory usage [KB],1377607678,1377607678
3,Memory usage [KB],1377608578,1377609478
3,Memory usage [KB],1377611878,1377611878
3,Memory usage [KB],1377613678,1377613978
3,Memory usage [KB],1377614879,1377614879
3,Memory usage [KB],1377617279,1377618179
3,Memory usage [KB],1377619079,1377619379
3,Memory usage [KB],1377620279,1377620579
3,Memory usage [KB],1377621179,1377621179
3,Memory usage [KB],1377622379,1377622379
3,Memory usage [KB],1377622979,1377623279
3,Memory usage [KB],1377623879,1377623879
3,Memory usage [KB],1377624779,1377624779
3,Memory usage [KB],1377625679,1377626579
3,Memory usage [KB],1377627479,1377627779
3,Memory usage [KB],1377628379,1377628679
3,Memory usage [KB],1377630180,1377630180
3,Memory usage [KB],1377631080,1377631380
3,Memory usage [KB],1377632880,1377632880
3,Memory usage [KB],1377634080,1377634380
3,Memory usage [KB],1377635580,1377635580
3,Memory usage [KB],1377637380,1377637380
3,Memory usage [KB],1377639181,1377639181
3,Memory usage [KB],1377639781,1377640081
3,Memory usage [KB],1377643081,1377643081
3,Memory usage [KB],1377644281,1377644281
3,Memory usage [KB],1377645481,1377645481
3,Memory usage [KB],1377646381,1377646381
3,Memory usage [KB],1377647881,1377648181
3,Memory usage [KB],1377649081,1377649081
3,Memory usage [KB],1377650282,1377650282
3,Memory usage [KB],1377650882,1377650882
3,Memory usage [KB],1377651782,1377651782
3,Memory usage [KB],1377652382,1377652382
3,Memory usage [KB],1377654782,1377654782
3,Memory usage [KB],1377656582,1377656882
3,Memory usage [KB],1377658982,1377658982
3,Memory usage [KB],1377660782,1377660782
3,Memory usage [KB],1377663482,1377663782
3,Memory usage [KB],1377664383,1377664383
3,Memory usage [KB],1377665883,1377665883
3,Memory usage [KB],1377666783,1377667083
3,Memory usage [KB],1377667683,1377667683
3,Memory usage [KB],1377670083,1377670683
3,Memory usage [KB],1377671283,1377671283
3,Memory usage [KB],1377671883,1377673083
3,Memory usage [KB],1377674283,1377674283
3,Memory usage [KB],1377678484,1377678484
3,Memory usage [KB],1377679684,1377679684
3,Memory usage [KB],1377681184,1377681484
3,Memory usage [KB],1377682084,1377682384
3,Memory usage [KB],1377683884,1377683884
3,Memory usage [KB],1377684484,1377684484
3,Memory usage [KB],1377685084,1377685084
3,Memory usage [KB],1377687484,1377688084
3,Memory usage [KB],1377690484,1377690484
3,Memory usage [KB],1377692884,1377693184
3,Memory usage [KB],1377694984,1377694984
3,Memory usage [KB],1377695584,1377695584
3,Memory usage [KB],1377696484,1377696785
3,Memory usage [KB],1377697685,1377697685
3,Memory usage [KB],1377698885,1377699485
3,Memory usage [KB],1377700385,1377700385
3,Memory usage [KB],1377702185,1377702485
3,Memory usage [KB],1377703385,1377704285
3,Memory usage [KB],1377704885,1377704885
3,Memory usage [KB],1377706085,1377706085
3,Memory usage [KB],1377706685,1377706685
3,Memory usage [KB],1377708186,1377708186
3,Memory usage [KB],1377708786,1377708786
3,Memory usage [KB],1377709386,1377709386
3,Memory usage [KB],1377710286,1377710286
3,Memory usage [KB],1377710886,1377711186
3,Memory usage [KB],1377711786,1377712086
3,Memory usage [KB],1377712686,1377712686
3,Memory usage [KB],1377713586,1377713886
3,Memory usage [KB],1377715086,1377715086
3,Memory usage [KB],1377716287,1377716287
3,Memory usage [KB],1377718087,1377718087
3,Memory usage [KB],1377720186,1377720186
3,Memory usage [KB],1377721086,1377721086
3,Memory usage [KB],1377721986,1377721986
3,Memory usage [KB],1377722886,1377722886
3,Memory usage [KB],1377724087,1377724087
3,Memory usage [KB],1377724987,1377725887
3,Memory usage [KB],1377729787,1377729787
3,Memory usage [KB],1377730387,1377730687
3,Memory usage [KB],1377731888,1377731888
3,Memory usage [KB],1377732488,1377732488
3,Memory usage [KB],1377733988,1377734288
3,Memory usage [KB],1377734888,1377735188
3,Memory usage [KB],1377736688,1377736688
3,Memory usage [KB],1377739089,1377739089
3,Memory usage [KB],1377739689,1377739689
3,Memory usage [KB],1377740889,1377740889
3,Memory usage [KB],1377741789,1377741789
3,Memory usage [KB],1377742689,1377742689
3,Memory usage [KB],1377743589,1377743589
3,Memory usage [KB],1377744489,1377744489
3,Memory usage [KB],1377745389,1377745389
3,Memory usage [KB],1377746289,1377746289
3,Memory usage [KB],1377747489,1377747489
3,Memory usage [KB],1377748389,1377748990
3,Memory usage [KB],1377749890,1377749890
3,Memory usage [KB],1377750490,1377750490
3,Memory usage [KB],1377752589,1377752589
3,Memory usage [KB],1377754089,1377754089
3,Memory usage [KB],1377755289,1377755289
3,Memory usage [KB],1377755890,1377755890
3,Memory usage [KB],1377756490,1377756490
3,Memory usage [KB],1377757690,1377757690
3,Memory usage [KB],1377758290,1377758890
3,Memory usage [KB],1377759790,1377759790
3,Memory usage [KB],1377761890,1377762190
3,Memory usage [KB],1377763990,1377764290
3,Memory usage [KB],1377766691,1377766691
3,Memory usage [KB],1377767291,1377767291
3,Memory usage [KB],1377767891,1377767891
3,Memory usage [KB],1377768491,1377768791
3,Memory usage [KB],1377769691,1377769691
3,Memory usage [KB],1377771491,1377771491
3,Memory usage [KB],1377772091,1377772091
3,Memory usage [KB],1377773291,1377773291
3,Memory usage [KB],1377775091,1377775091
3,Memory usage [KB],1377775691,1377776291
3,Memory usage [KB],1377777192,1377777492
3,Memory usage [KB],1377780492,1377781392
3,Memory usage [KB],1377783792,1377783792
3,Memory usage [KB],1377784692,1377784992
3,Memory usage [KB],1377786192,1377786492
3,Memory usage [KB],1377787392,1377787392
3,Memory usage [KB],1377788892,1377788892
3,Memory usage [KB],1377789792,1377790092
3,Memory usage [KB],1377791892,1377791892
3,Memory usage [KB],1377793092,1377793392
3,Memory usage [KB],1377793992,1377793992
3,Memory usage [KB],1377794592,1377794592
3,Memory usage [KB],1377795192,1377795192
3,Memory usage [KB],1377796693,1377796693
3,Memory usage [KB],1377797593,1377797593
3,Memory usage [KB],1377798793,1377798793
3,Memory usage [KB],1377800893,1377800893
3,Memory usage [KB],1377801793,1377802093
3,Memory usage [KB],1377802993,1377802993
3,Memory usage [KB],1377803893,1377803893
3,Memory usage [KB],1377804494,1377804494
3,Memory usage [KB],1377806294,1377806594
3,Memory usage [KB],1377807194,1377808094
3,Memory usage [KB],1377808694,1377808694
3,Memory usage [KB],1377809294,1377809294
3,Memory usage [KB],1377809894,1377809894
3,Memory usage [KB],1377811394,1377811394
3,Memory usage [KB],1377811994,1377811994
3,Memory usage [KB],1377812594,1377812894
3,Memory usage [KB],1377814695,1377814995
3,Memory usage [KB],1377815895,1377816195
3,Memory usage [KB],1377817994,1377817994
3,Memory usage [KB],1377818894,1377818894
3,Memory usage [KB],1377820094,1377820094
3,Memory usage [KB],1377820694,1377820994
3,Memory usage [KB],1377821594,1377821594
3,Memory usage [KB],1377822494,1377822494
3,Memory usage [KB],1377823094,1377823994
3,Memory usage [KB],1377825195,1377825195
3,Memory usage [KB],1377826995,1377827295
3,Memory usage [KB],1377830595,1377830595
3,Memory usage [KB],1377831495,1377831495
3,Memory usage [KB],1377832095,1377832095
3,Memory usage [KB],1377832995,1377833295
3,Memory usage [KB],1377834195,1377834195
3,Memory usage [KB],1377835395,1377835395
3,Memory usage [KB],1377835996,1377835996
3,Memory usage [KB],1377836596,1377836896
3,Memory usage [KB],1377837796,1377838096
3,Memory usage [KB],1377838996,1377838996
3,Memory usage [KB],1377839596,1377839596
3,Memory usage [KB],1377841696,1377841696
3,Memory usage [KB],1377842296,1377842896
3,Memory usage [KB],1377843796,1377843796
3,Memory usage [KB],1377844396,1377844696
3,Memory usage [KB],1377845897,1377845897
3,Memory usage [KB],1377846497,1377846497
3,Memory usage [KB],1377847997,1377847997
3,Memory usage [KB],1377849197,1377849197
3,Memory usage [KB],1377849797,1377850097
3,Memory usage [KB],1377851596,1377851596
3,Memory usage [KB],1377852196,1377852196
3,Memory usage [KB],1377853696,1377853696
3,Memory usage [KB],1377855497,1377856397
3,Memory usage [KB],1377856997,1377856997
3,Memory usage [KB],1377858197,1377858197
3,Memory usage [KB],1377858797,1377858797
3,Memory usage [KB],1377859697,1377859697
3,Memory usage [KB],1377860297,1377860597
3,Memory usage [KB],1377862397,1377862397
3,Memory usage [KB],1377863898,1377863898
3,Memory usage [KB],1377864498,1377864498
3,Memory usage [KB],1377867198,1377867498
3,Memory usage [KB],1377868098,1377868098
3,Memory usage [KB],1377868698,1377868698
3,Memory usage [KB],1377870798,1377870798
3,Memory usage [KB],1377871698,1377871698
3,Memory usage [KB],1377872599,1377872599
3,Memory usage [KB],1377873199,1377873199
3,Memory usage [KB],1377873799,1377873799
3,Memory usage [KB],1377874999,1377875299
3,Memory usage [KB],1377877699,1377877699
3,Memory usage [KB],1377878299,1377878299
3,Memory usage [KB],1377879199,1377879199
3,Memory usage [KB],1377880700,1377880700
3,Memory usage [KB],1377882200,1377882200
3,Memory usage [KB],1377883699,1377883699
3,Memory usage [KB],1377884899,1377884899
3,Memory usage [KB],1377885799,1377885799
3,Memory usage [KB],1377886700,1377886700
3,Memory usage [KB],1377889700,1377889700
3,Memory usage [KB],1377891200,1377891200
3,Memory usage [KB],1377892700,1377892700
3,Memory usage [KB],1377893600,1377893600
3,Memory usage [KB],1377894800,1377894800
3,Memory usage [KB],1377897201,1377897201
3,Memory usage [KB],1377898401,1377898701
3,Memory usage [KB],1377900801,1377900801
3,Memory usage [KB],1377901701,1377901701
3,Memory usage [KB],1377903201,1377903201
3,Memory usage [KB],1377903802,1377903802
3,Memory usage [KB],1377904402,1377904702
3,Memory usage [KB],1377905602,1377905602
3,Memory usage [KB],1377906502,1377906502
3,Memory usage [KB],1377907702,1377908302
3,Memory usage [KB],1377909502,1377909502
3,Memory usage [KB],1377912802,1377912802
3,Memory usage [KB],1377913702,1377913702
3,Memory usage [KB],1377916402,1377916402
3,Memory usage [KB],1377917002,1377917002
3,Memory usage [KB],1377917602,1377917602
3,Memory usage [KB],1377920302,1377920302
3,Memory usage [KB],1377921803,1377921803
3,Memory usage [KB],1377922703,1377922703
3,Memory usage [KB],1377924803,1377925403
3,Memory usage [KB],1377926003,1377926603
3,Memory usage [KB],1377927203,1377927203
3,Memory usage [KB],1377928403,1377928403
3,Memory usage [KB],1377929003,1377929003
3,Memory usage [KB],1377929604,1377929604
3,Memory usage [KB],1377931404,1377931404
3,Memory usage [KB],1377934404,1377934404
3,Memory usage [KB],1377935304,1377935304
3,Memory usage [KB],1377936204,1377936204
3,Memory usage [KB],1377936804,1377936804
3,Memory usage [KB],1377938004,1377938004
3,Memory usage [KB],1377938905,1377938905
3,Memory usage [KB],1377939805,1377939805
3,Memory usage [KB],1377940705,1377940705
3,Memory usage [KB],1377941605,1377941605
3,Memory usage [KB],1377942505,1377942505
3,Memory usage [KB],1377943405,1377943405
3,Memory usage [KB],1377944305,1377944305
3,Memory usage [KB],1377944905,1377944905
3,Memory usage [KB],1377947006,1377947006
3,Memory usage [KB],1377947906,1377947906
3,Memory usage [KB],1377948506,1377948506
3,Memory usage [KB],1377950605,1377950605
3,Memory usage [KB],1377951205,1377951505
3,Memory usage [KB],1377952405,1377952405
3,Memory usage [KB],1377955106,1377955406
3,Memory usage [KB],1377956906,1377956906
3,Memory usage [KB],1377958406,1377958706
3,Memory usage [KB],1377959906,1377959906
3,Memory usage [KB],1377960506,1377960806
3,Memory usage [KB],1377961406,1377961406
3,Memory usage [KB],1377962307,1377962307
3,Memory usage [KB],1377963207,1377963207
3,Memory usage [KB],1377963807,1377964407
3,Memory usage [KB],1377965007,1377965007
3,Memory usage [KB],1377967407,1377967407
3,Memory usage [KB],1377968607,1377968607
3,Memory usage [KB],1377971007,1377971007
3,Memory usage [KB],1377973107,1377973707
3,Memory usage [KB],1377975208,1377975508
3,Memory usage [KB],1377978508,1377978508
3,Memory usage [KB],1377979408,1377979408
3,Memory usage [KB],1377980908,1377980908
3,Memory usage [KB],1377983308,1377983308
3,Memory usage [KB],1377984808,1377984808
3,Memory usage [KB],1377985408,1377985708
3,Memory usage [KB],1377988408,1377988408
3,Memory usage [KB],1377989008,1377989008
3,Memory usage [KB],1377989609,1377989909
3,Memory usage [KB],1377991109,1377991109
3,Memory usage [KB],1377993209,1377993509
3,Memory usage [KB],1377995309,1377995309
3,Memory usage [KB],1377997409,1377997409
3,Memory usage [KB],1377998310,1377998310
3,Memory usage [KB],1377998910,1377998910
3,Memory usage [KB],1378000110,1378000410
3,Memory usage [KB],1378003110,1378003410
3,Memory usage [KB],1378006110,1378006410
3,Memory usage [KB],1378007011,1378007011
3,Memory usage [KB],1378008811,1378009411
3,Memory usage [KB],1378010011,1378010011
3,Memory usage [KB],1378010911,1378010911
3,Memory usage [KB],1378011511,1378011511
3,Memory usage [KB],1378012111,1378012711
3,Memory usage [KB],1378014511,1378014811
3,Memory usage [KB],1378018111,1378018111
3,Memory usage [KB],1378022312,1378022312
3,Memory usage [KB],1378023212,1378023212
3,Memory usage [KB],1378025012,1378025012
3,Memory usage [KB],1378026812,1378027112
3,Memory usage [KB],1378027713,1378027713
3,Memory usage [KB],1378031913,1378032213
3,Memory usage [KB],1378033113,1378033113
3,Memory usage [KB],1378035214,1378035214
3,Memory usage [KB],1378036114,1378036114
3,Memory usage [KB],1378037014,1378037014
3,Memory usage [KB],1378037914,1378037914
3,Memory usage [KB],1378038814,1378038814
3,Memory usage [KB],1378039714,1378039714
3,Memory usage [KB],1378042414,1378042414
3,Memory usage [KB],1378043315,1378043315
3,Memory usage [KB],1378044815,1378045115
3,Memory usage [KB],1378046315,1378046615
3,Memory usage [KB],1378047515,1378047515
3,Memory usage [KB],1378048115,1378048115
3,Memory usage [KB],1378048715,1378048715
3,Memory usage [KB],1378051115,1378051415
3,Memory usage [KB],1378052315,1378052315
3,Memory usage [KB],1378053515,1378054115
3,Memory usage [KB],1378054715,1378054715
3,Memory usage [KB],1378060116,1378060116
3,Memory usage [KB],1378060716,1378061016
3,Memory usage [KB],1378061916,1378061916
3,Memory usage [KB],1378063116,1378063116
3,Memory usage [KB],1378065517,1378065517
3,Memory usage [KB],1378066417,1378066417
3,Memory usage [KB],1378068517,1378068817
3,Memory usage [KB],1378070317,1378070317
3,Memory usage [KB],1378071517,1378071517
3,Memory usage [KB],1378072118,1378072718
3,Memory usage [KB],1378074818,1378074818
3,Memory usage [KB],1378075418,1378075418
3,Memory usage [KB],1378076018,1378076018
3,Memory usage [KB],1378076618,1378076618
3,Memory usage [KB],1378077218,1378077218
3,Memory usage [KB],1378078118,1378078418
3,Memory usage [KB],1378079018,1378079018
3,Memory usage [KB],1378080518,1378081118
3,Memory usage [KB],1378082618,1378082918
3,Memory usage [KB],1378083518,1378083518
3,Memory usage [KB],1378084118,1378084118
3,Memory usage [KB],1378084718,1378084718
3,Memory usage [KB],1378086518,1378086518
3,Memory usage [KB],1378087118,1378087118
3,Memory usage [KB],1378088319,1378088319
3,Memory usage [KB],1378088919,1378088919
3,Memory usage [KB],1378089519,1378089819
3,Memory usage [KB],1378090719,1378091019
3,Memory usage [KB],1378091619,1378091919
3,Memory usage [KB],1378094919,1378095219
3,Memory usage [KB],1378096119,1378096119
3,Memory usage [KB],1378096719,1378097619
3,Memory usage [KB],1378099119,1378099119
3,Memory usage [KB],1378100920,1378100920
3,Memory usage [KB],1378101520,1378101520
3,Memory usage [KB],1378102720,1378103320
3,Memory usage [KB],1378103920,1378103920
3,Memory usage [KB],1378104520,1378104520
3,Memory usage [KB],1378107220,1378107220
3,Memory usage [KB],1378108120,1378108720
3,Memory usage [KB],1378109620,1378109620
3,Memory usage [KB],1378110221,1378110221
3,Memory usage [KB],1378110820,1378111120
3,Memory usage [KB],1378112020,1378112020
3,Memory usage [KB],1378113221,1378113221
3,Memory usage [KB],1378114121,1378114121
3,Memory usage [KB],1378115321,1378115321
3,Memory usage [KB],1378115921,1378116221
3,Memory usage [KB],1378119221,1378119221
3,Memory usage [KB],1378119821,1378119821
3,Memory usage [KB],1378122522,1378122522
3,Memory usage [KB],1378124322,1378124622
3,Memory usage [KB],1378125822,1378126422
3,Memory usage [KB],1378128222,1378128222
3,Memory usage [KB],1378128822,1378129122
3,Memory usage [KB],1378130022,1378130322
3,Memory usage [KB],1378130922,1378131222
3,Memory usage [KB],1378132422,1378133023
3,Memory usage [KB],1378134223,1378134223
3,Memory usage [KB],1378135123,1378135123
3,Memory usage [KB],1378136023,1378136023
3,Memory usage [KB],1378136623,1378137523
3,Memory usage [KB],1378138723,1378138723
3,Memory usage [KB],1378139623,1378139623
3,Memory usage [KB],1378140523,1378140523
3,Memory usage [KB],1378142924,1378142924
3,Memory usage [KB],1378143824,1378144424
3,Memory usage [KB],1378145924,1378145924
3,Memory usage [KB],1378146524,1378146824
3,Memory usage [KB],1378147724,1378148024
3,Memory usage [KB],1378148624,1378148624
3,Memory usage [KB],1378149524,1378149524
3,Memory usage [KB],1378152224,1378152224
3,Memory usage [KB],1378153125,1378153125
3,Memory usage [KB],1378153725,1378154025
3,Memory usage [KB],1378155825,1378156425
3,Memory usage [KB],1378157325,1378157325
3,Memory usage [KB],1378158825,1378158825
3,Memory usage [KB],1378159425,1378159425
3,Memory usage [KB],1378160025,1378160025
3,Memory usage [KB],1378160925,1378160925
3,Memory usage [KB],1378164826,1378164826
3,Memory usage [KB],1378165426,1378165426
3,Memory usage [KB],1378166626,1378166926
3,Memory usage [KB],1378167526,1378167526
3,Memory usage [KB],1378168726,1378169026
3,Memory usage [KB],1378171727,1378172027
3,Memory usage [KB],1378173527,1378173827
3,Memory usage [KB],1378175927,1378175927
3,Memory usage [KB],1378176827,1378177127
3,Memory usage [KB],1378178327,1378180128
3,Memory usage [KB],1378181628,1378181628
3,Memory usage [KB],1378182828,1378182828
3,Memory usage [KB],1378185528,1378185828
3,Memory usage [KB],1378186728,1378187028
3,Memory usage [KB],1378188228,1378188529
3,Memory usage [KB],1378189129,1378189129
3,Memory usage [KB],1378190029,1378190329
3,Memory usage [KB],1378191229,1378191529
3,Memory usage [KB],1378192129,1378192129
3,Memory usage [KB],1378193329,1378193329
3,Memory usage [KB],1378195729,1378196029
3,Memory usage [KB],1378196629,1378196629
3,Memory usage [KB],1378198129,1378198129
3,Memory usage [KB],1378199030,1378199030
3,Memory usage [KB],1378199630,1378199630
3,Memory usage [KB],1378201430,1378201430
3,Memory usage [KB],1378202630,1378203530
3,Memory usage [KB],1378204130,1378204130
3,Memory usage [KB],1378205630,1378205630
3,Memory usage [KB],1378206230,1378206230
3,Memory usage [KB],1378207131,1378207131
3,Memory usage [KB],1378209831,1378209831
3,Memory usage [KB],1378210731,1378210731
3,Memory usage [KB],1378212231,1378212231
3,Memory usage [KB],1378213131,1378213431
3,Memory usage [KB],1378215531,1378215531
3,Memory usage [KB],1378216131,1378216131
3,Memory usage [KB],1378219732,1378220032
3,Memory usage [KB],1378220632,1378220632
3,Memory usage [KB],1378221232,1378221232
3,Memory usage [KB],1378225132,1378225132
3,Memory usage [KB],1378226332,1378226332
3,Memory usage [KB],1378227533,1378228133
3,Memory usage [KB],1378229633,1378230233
3,Memory usage [KB],1378232033,1378232033
3,Memory usage [KB],1378232633,1378232633
3,Memory usage [KB],1378233533,1378233533
3,Memory usage [KB],1378234133,1378234133
3,Memory usage [KB],1378235033,1378235333
3,Memory usage [KB],1378235933,1378235933
3,Memory usage [KB],1378237434,1378237434
3,Memory usage [KB],1378238934,1378238934
3,Memory usage [KB],1378239534,1378239834
3,Memory usage [KB],1378240734,1378240734
3,Memory usage [KB],1378241334,1378241334
3,Memory usage [KB],1378241934,1378242234
3,Memory usage [KB],1378242834,1378242834
3,Memory usage [KB],1378245834,1378245834
3,Memory usage [KB],1378246734,1378246734
3,Memory usage [KB],1378247334,1378247334
3,Memory usage [KB],1378247935,1378248235
3,Memory usage [KB],1378249735,1378249735
3,Memory usage [KB],1378250335,1378250335
3,Memory usage [KB],1378251536,1378251536
3,Memory usage [KB],1378252736,1378252736
3,Memory usage [KB],1378253636,1378254236
3,Memory usage [KB],1378254836,1378254836
3,Memory usage [KB],1378255436,1378255436
3,Memory usage [KB],1378257536,1378257536
3,Memory usage [KB],1378259036,1378259036
3,Memory usage [KB],1378261437,1378261737
3,Memory usage [KB],1378262337,1378262637
3,Memory usage [KB],1378263237,1378263237
3,Memory usage [KB],1378263837,1378263837
3,Memory usage [KB],1378269838,1378270438
3,Memory usage [KB],1378271338,1378271338
3,Memory usage [KB],1378272238,1378272838
3,Memory usage [KB],1378273438,1378273438
3,Memory usage [KB],1378275838,1378275838
3,Memory usage [KB],1378279138,1378279138
3,Memory usage [KB],1378281238,1378281238
3,Memory usage [KB],1378283039,1378284239
3,Memory usage [KB],1378285139,1378285739
3,Memory usage [KB],1378287539,1378287539
3,Memory usage [KB],1378288139,1378288139
3,Memory usage [KB],1378290540,1378290540
3,Memory usage [KB],1378292340,1378292340
3,Memory usage [KB],1378293840,1378293840
3,Memory usage [KB],1378294440,1378294440
3,Memory usage [KB],1378295640,1378295940
3,Memory usage [KB],1378297140,1378297140
3,Memory usage [KB],1378299841,1378299841
3,Memory usage [KB],1378300741,1378301041
3,Memory usage [KB],1378301941,1378301941
3,Memory usage [KB],1378302841,1378303441
3,Memory usage [KB],1378304041,1378304041
3,Memory usage [KB],1378305542,1378305542
3,Memory usage [KB],1378306442,1378306442
3,Memory usage [KB],1378307342,1378307342
3,Memory usage [KB],1378308841,1378308841
3,Memory usage [KB],1378310341,1378310341
3,Memory usage [KB],1378310941,1378310941
3,Memory usage [KB],1378311842,1378311842
3,Memory usage [KB],1378312442,1378312442
3,Memory usage [KB],1378314842,1378314842
3,Memory usage [KB],1378316342,1378316342
3,Memory usage [KB],1378316942,1378317842
3,Memory usage [KB],1378319642,1378319642
3,Memory usage [KB],1378320843,1378321143
3,Memory usage [KB],1378322643,1378322643
3,Memory usage [KB],1378324743,1378324743
3,Memory usage [KB],1378325643,1378325643
3,Memory usage [KB],1378326243,1378326243
3,Memory usage [KB],1378326843,1378326843
3,Memory usage [KB],1378327743,1378327743
3,Memory usage [KB],1378328943,1378329244
3,Memory usage [KB],1378331944,1378331944
3,Memory usage [KB],1378332844,1378334044
3,Memory usage [KB],1378334644,1378334644
3,Memory usage [KB],1378335244,1378335244
3,Memory usage [KB],1378337945,1378337945
3,Memory usage [KB],1378343045,1378343045
3,Memory usage [KB],1378344845,1378344845
3,Memory usage [KB],1378345745,1378345745
3,Memory usage [KB],1378346945,1378346945
3,Memory usage [KB],1378349045,1378349045
3,Memory usage [KB],1378350245,1378350845
3,Memory usage [KB],1378351445,1378351745
3,Memory usage [KB],1378352346,1378352346
3,Memory usage [KB],1378353846,1378353846
3,Memory usage [KB],1378354746,1378354746
3,Memory usage [KB],1378355946,1378356246
3,Memory usage [KB],1378357746,1378357746
3,Memory usage [KB],1378358646,1378358646
3,Memory usage [KB],1378360147,1378360147
3,Memory usage [KB],1378361347,1378361647
3,Memory usage [KB],1378362547,1378362847
3,Memory usage [KB],1378363447,1378363447
3,Memory usage [KB],1378364047,1378364047
3,Memory usage [KB],1378364947,1378364947
3,Memory usage [KB],1378365547,1378365547
3,Memory usage [KB],1378367047,1378367647
3,Memory usage [KB],1378370048,1378370648
3,Memory usage [KB],1378372748,1378372748
3,Memory usage [KB],1378373647,1378373647
3,Memory usage [KB],1378374247,1378374247
3,Memory usage [KB],1378376648,1378376648
3,Memory usage [KB],1378377848,1378377848
3,Memory usage [KB],1378378748,1378378748
3,Memory usage [KB],1378379348,1378379348
3,Memory usage [KB],1378380248,1378380848
3,Memory usage [KB],1378381448,1378381448
3,Memory usage [KB],1378383248,1378383248
3,Memory usage [KB],1378384749,1378384749
3,Memory usage [KB],1378385949,1378386249
3,Memory usage [KB],1378387149,1378387149
3,Memory usage [KB],1378388349,1378388349
3,Memory usage [KB],1378389849,1378389849
3,Memory usage [KB],1378390749,1378391049
3,Memory usage [KB],1378391649,1378391649
3,Memory usage [KB],1378392249,1378392249
3,Memory usage [KB],1378393149,1378393149
3,Memory usage [KB],1378398550,1378398850
3,Memory usage [KB],1378401550,1378401550
3,Memory usage [KB],1378403651,1378403951
3,Memory usage [KB],1378406050,1378406350
3,Memory usage [KB],1378406950,1378406950
3,Memory usage [KB],1378409051,1378409051
3,Memory usage [KB],1378409951,1378409951
3,Memory usage [KB],1378410551,1378410851
3,Memory usage [KB],1378414451,1378414451
3,Memory usage [KB],1378415651,1378415651
3,Memory usage [KB],1378417152,1378417152
3,Memory usage [KB],1378419252,1378419252
3,Memory usage [KB],1378420152,1378420152
3,Memory usage [KB],1378421652,1378421652
3,Memory usage [KB],1378422552,1378422552
3,Memory usage [KB],1378423152,1378423152
3,Memory usage [KB],1378424352,1378424653
3,Memory usage [KB],1378425853,1378425853
3,Memory usage [KB],1378427053,1378427353
3,Memory usage [KB],1378428553,1378428853
3,Memory usage [KB],1378430053,1378430053
3,Memory usage [KB],1378431253,1378431853
3,Memory usage [KB],1378432453,1378432453
3,Memory usage [KB],1378433954,1378433954
3,Memory usage [KB],1378435154,1378435154
3,Memory usage [KB],1378436954,1378436954
3,Memory usage [KB],1378437554,1378437554
3,Memory usage [KB],1378441454,1378441454
3,Memory usage [KB],1378443854,1378443854
3,Memory usage [KB],1378444754,1378444754
3,Memory usage [KB],1378445654,1378445954
3,Memory usage [KB],1378446554,1378446554
3,Memory usage [KB],1378448355,1378448355
3,Memory usage [KB],1378448955,1378448955
3,Memory usage [KB],1378449555,1378449555
3,Memory usage [KB],1378450155,1378450155
3,Memory usage [KB],1378450755,1378451355
3,Memory usage [KB],1378453755,1378454055
3,Memory usage [KB],1378455255,1378455555
3,Memory usage [KB],1378458556,1378458556
3,Memory usage [KB],1378459156,1378459156
3,Memory usage [KB],1378461556,1378461556
3,Memory usage [KB],1378462756,1378462756
3,Memory usage [KB],1378463657,1378463657
3,Memory usage [KB],1378464557,1378464557
3,Memory usage [KB],1378465157,1378465157
3,Memory usage [KB],1378468457,1378468757
3,Memory usage [KB],1378471757,1378472357
3,Memory usage [KB],1378473557,1378473557
3,Memory usage [KB],1378474157,1378474157
3,Memory usage [KB],1378474757,1378474757
3,Memory usage [KB],1378475358,1378475358
3,Memory usage [KB],1378476558,1378476558
3,Memory usage [KB],1378477758,1378478358
3,Memory usage [KB],1378478958,1378478958
3,Memory usage [KB],1378479558,1378479558
3,Memory usage [KB],1378480158,1378480158
3,Memory usage [KB],1378481958,1378481958
3,Memory usage [KB],1378482558,1378482558
3,Memory usage [KB],1378483158,1378483158
3,Memory usage [KB],1378485559,1378485559
3,Memory usage [KB],1378486759,1378486759
3,Memory usage [KB],1378487359,1378487359
3,Memory usage [KB],1378490359,1378490359
3,Memory usage [KB],1378491559,1378491559
3,Memory usage [KB],1378493059,1378493059
3,Memory usage [KB],1378493660,1378493660
3,Memory usage [KB],1378494560,1378494560
3,Memory usage [KB],1378496360,1378496360
3,Memory usage [KB],1378497560,1378497560
3,Memory usage [KB],1378499060,1378499360
3,Memory usage [KB],1378500560,1378500560
3,Memory usage [KB],1378501760,1378502060
3,Memory usage [KB],1378503260,1378503260
3,Memory usage [KB],1378504160,1378504160
3,Memory usage [KB],1378507761,1378507761
3,Memory usage [KB],1378509561,1378509561
3,Memory usage [KB],1378510761,1378510761
3,Memory usage [KB],1378511661,1378511661
3,Memory usage [KB],1378514361,1378514361
3,Memory usage [KB],1378515861,1378515861
3,Memory usage [KB],1378518861,1378519161
3,Memory usage [KB],1378520962,1378520962
3,Memory usage [KB],1378521562,1378521562
3,Memory usage [KB],1378522462,1378522462
3,Memory usage [KB],1378524562,1378524562
3,Memory usage [KB],1378525162,1378525162
3,Memory usage [KB],1378526962,1378526962
3,Memory usage [KB],1378527562,1378527562
3,Memory usage [KB],1378528762,1378530563
3,Memory usage [KB],1378531163,1378531463
3,Memory usage [KB],1378532363,1378532663
3,Memory usage [KB],1378535063,1378535063
3,Memory usage [KB],1378536563,1378536563
3,Memory usage [KB],1378537163,1378537163
3,Memory usage [KB],1378538663,1378538963
3,Memory usage [KB],1378539563,1378539863
3,Memory usage [KB],1378541663,1378541963
3,Memory usage [KB],1378543463,1378543463
3,Memory usage [KB],1378544063,1378544063
3,Memory usage [KB],1378544964,1378544964
3,Memory usage [KB],1378545564,1378545564
3,Memory usage [KB],1378546464,1378546464
3,Memory usage [KB],1378547064,1378547064
3,Memory usage [KB],1378547664,1378547664
3,Memory usage [KB],1378549464,1378549464
3,Memory usage [KB],1378551564,1378551564
3,Memory usage [KB],1378556365,1378556365
3,Memory usage [KB],1378562666,1378562666
3,Memory usage [KB],1378563566,1378563566
3,Memory usage [KB],1378566566,1378566566
3,Memory usage [KB],1378567466,1378567766
3,Memory usage [KB],1378568366,1378568366
3,Memory usage [KB],1378569566,1378569566
3,Memory usage [KB],1378572566,1378572566
3,Memory usage [KB],1378573466,1378573466
3,Memory usage [KB],1378574067,1378574067
3,Memory usage [KB],1378574667,1378574667
3,Memory usage [KB],1378575867,1378575867
3,Memory usage [KB],1378576467,1378576467
3,Memory usage [KB],1378578567,1378578567
3,Memory usage [KB],1378579167,1378579167
3,Memory usage [KB],1378581567,1378581567
3,Memory usage [KB],1378585168,1378585168
3,Memory usage [KB],1378586368,1378586368
3,Memory usage [KB],1378586968,1378588468
3,Memory usage [KB],1378589368,1378589368
3,Memory usage [KB],1378589968,1378589968
3,Memory usage [KB],1378590568,1378590568
3,Memory usage [KB],1378592668,1378592668
3,Memory usage [KB],1378594469,1378594469
3,Memory usage [KB],1378595669,1378595669
3,Memory usage [KB],1378596869,1378596869
3,Memory usage [KB],1378597769,1378598069
3,Memory usage [KB],1378599569,1378599569
3,Memory usage [KB],1378600769,1378600769
3,Memory usage [KB],1378601369,1378601369
3,Memory usage [KB],1378602269,1378602569
3,Memory usage [KB],1378603169,1378603169
3,Memory usage [KB],1378605269,1378605569
3,Memory usage [KB],1378606169,1378606169
3,Memory usage [KB],1378607069,1378607369
3,Memory usage [KB],1378607970,1378607970
3,Memory usage [KB],1378608570,1378608570
3,Memory usage [KB],1378609170,1378609170
3,Memory usage [KB],1378610370,1378610670
3,Memory usage [KB],1378611270,1378611270
3,Memory usage [KB],1378611870,1378611870
3,Memory usage [KB],1378612770,1378612770
3,Memory usage [KB],1378613670,1378613670
3,Memory usage [KB],1378614570,1378614570
3,Memory usage [KB],1378615170,1378615170
3,Memory usage [KB],1378616070,1378616070
3,Memory usage [KB],1378617570,1378618171
3,Memory usage [KB],1378620271,1378620271
3,Memory usage [KB],1378621471,1378621471
3,Memory usage [KB],1378623871,1378624171
3,Memory usage [KB],1378625672,1378625672
3,Memory usage [KB],1378626272,1378626572
3,Memory usage [KB],1378627772,1378628072
3,Memory usage [KB],1378628972,1378629572
3,Memory usage [KB],1378630472,1378630472
3,Memory usage [KB],1378631073,1378631073
3,Memory usage [KB],1378633773,1378634373
3,Memory usage [KB],1378634973,1378635573
3,Memory usage [KB],1378636473,1378636473
3,Memory usage [KB],1378637673,1378637673
3,Memory usage [KB],1378638873,1378638873
3,Memory usage [KB],1378639773,1378639773
3,Memory usage [KB],1378640373,1378641573
3,Memory usage [KB],1378644574,1378644574
3,Memory usage [KB],1378646974,1378647274
3,Memory usage [KB],1378648174,1378648474
3,Memory usage [KB],1378651174,1378651474
3,Memory usage [KB],1378653275,1378653575
3,Memory usage [KB],1378654775,1378654775
3,Memory usage [KB],1378655375,1378655375
3,Memory usage [KB],1378658376,1378658376
3,Memory usage [KB],1378660776,1378660776
3,Memory usage [KB],1378661976,1378661976
3,Memory usage [KB],1378665276,1378665276
3,Memory usage [KB],1378665876,1378665876
3,Memory usage [KB],1378669476,1378669476
3,Memory usage [KB],1378670376,1378670376
3,Memory usage [KB],1378671576,1378671576
3,Memory usage [KB],1378672176,1378672176
3,Memory usage [KB],1378673077,1378673077
3,Memory usage [KB],1378674277,1378674277
3,Memory usage [KB],1378675477,1378676977
3,Memory usage [KB],1378678177,1378678477
3,Memory usage [KB],1378680877,1378681178
3,Memory usage [KB],1378681778,1378681778
3,Memory usage [KB],1378682378,1378682378
3,Memory usage [KB],1378683278,1378683278
3,Memory usage [KB],1378684178,1378684778
3,Memory usage [KB],1378687478,1378687478
3,Memory usage [KB],1378690178,1378690178
3,Memory usage [KB],1378691079,1378691079
3,Memory usage [KB],1378692279,1378692579
3,Memory usage [KB],1378696479,1378696779
3,Memory usage [KB],1378698579,1378698579
3,Memory usage [KB],1378699480,1378699480
3,Memory usage [KB],1378700679,1378700679
3,Memory usage [KB],1378701279,1378701279
3,Memory usage [KB],1378704880,1378705180
3,Memory usage [KB],1378707580,1378707580
3,Memory usage [KB],1378710280,1378710280
3,Memory usage [KB],1378714181,1378714481
3,Memory usage [KB],1378715081,1378715081
3,Memory usage [KB],1378715681,1378715681
3,Memory usage [KB],1378716281,1378716581
3,Memory usage [KB],1378718082,1378718082
3,Memory usage [KB],1378720482,1378720482
3,Memory usage [KB],1378722882,1378722882
3,Memory usage [KB],1378724382,1378724382
3,Memory usage [KB],1378725582,1378725582
3,Memory usage [KB],1378726482,1378726782
3,Memory usage [KB],1378727682,1378727682
3,Memory usage [KB],1378730983,1378730983
3,Memory usage [KB],1378732783,1378732783
3,Memory usage [KB],1378733383,1378733383
3,Memory usage [KB],1378736383,1378736683
3,Memory usage [KB],1378737283,1378737283
3,Memory usage [KB],1378740283,1378740283
3,Memory usage [KB],1378743284,1378743284
3,Memory usage [KB],1378744184,1378744184
3,Memory usage [KB],1378746284,1378746284
3,Memory usage [KB],1378747184,1378747184
3,Memory usage [KB],1378747784,1378747784
3,Memory usage [KB],1378748384,1378748384
3,Memory usage [KB],1378749284,1378749284
3,Memory usage [KB],1378752284,1378752284
3,Memory usage [KB],1378753485,1378753485
3,Memory usage [KB],1378755285,1378755285
3,Memory usage [KB],1378757385,1378757385
3,Memory usage [KB],1378759185,1378759185
3,Memory usage [KB],1378760085,1378760085
3,Memory usage [KB],1378760985,1378761285
3,Memory usage [KB],1378761885,1378761885
3,Memory usage [KB],1378762786,1378762786
3,Memory usage [KB],1378763686,1378763686
3,Memory usage [KB],1378764286,1378764286
3,Memory usage [KB],1378766385,1378766385
3,Memory usage [KB],1378767285,1378767285
3,Memory usage [KB],1378767885,1378767885
3,Memory usage [KB],1378770286,1378770286
3,Memory usage [KB],1378770886,1378770886
3,Memory usage [KB],1378772086,1378772086
3,Memory usage [KB],1378773286,1378773286
3,Memory usage [KB],1378775386,1378775386
3,Memory usage [KB],1378775986,1378775986
3,Memory usage [KB],1378777486,1378777486
3,Memory usage [KB],1378778387,1378778687
3,Memory usage [KB],1378779287,1378779287
3,Memory usage [KB],1378780187,1378780187
3,Memory usage [KB],1378781387,1378781387
3,Memory usage [KB],1378784087,1378784087
3,Memory usage [KB],1378785887,1378785887
3,Memory usage [KB],1378787088,1378787088
3,Memory usage [KB],1378788288,1378788288
3,Memory usage [KB],1378788888,1378788888
3,Memory usage [KB],1378789488,1378789488
3,Memory usage [KB],1378792188,1378792188
3,Memory usage [KB],1378793388,1378793688
3,Memory usage [KB],1378795189,1378795189
3,Memory usage [KB],1378796989,1378797289
3,Memory usage [KB],1378799988,1378800889
3,Memory usage [KB],1378802089,1378802389
3,Memory usage [KB],1378802989,1378803289
3,Memory usage [KB],1378803889,1378803889
3,Memory usage [KB],1378808990,1378809290
3,Memory usage [KB],1378811990,1378811990
3,Memory usage [KB],1378812890,1378812890
3,Memory usage [KB],1378818590,1378818890
3,Memory usage [KB],1378819490,1378819490
3,Memory usage [KB],1378820991,1378820991
3,Memory usage [KB],1378824591,1378825491
3,Memory usage [KB],1378826091,1378826691
3,Memory usage [KB],1378828191,1378828491
3,Memory usage [KB],1378829391,1378829991
3,Memory usage [KB],1378831192,1378831492
3,Memory usage [KB],1378832091,1378832691
3,Memory usage [KB],1378833891,1378833891
3,Memory usage [KB],1378834792,1378835092
3,Memory usage [KB],1378835992,1378835992
3,Memory usage [KB],1378836892,1378838092
3,Memory usage [KB],1378840192,1378840492
3,Memory usage [KB],1378843193,1378843493
3,Memory usage [KB],1378844993,1378845293
3,Memory usage [KB],1378846193,1378846193
3,Memory usage [KB],1378847093,1378847093
3,Memory usage [KB],1378847693,1378847693
3,Memory usage [KB],1378848293,1378848293
3,Memory usage [KB],1378848893,1378848893
3,Memory usage [KB],1378851893,1378851893
3,Memory usage [KB],1378853094,1378853394
3,Memory usage [KB],1378854894,1378855194
3,Memory usage [KB],1378856394,1378856394
3,Memory usage [KB],1378856994,1378857894
3,Memory usage [KB],1378858794,1378858794
3,Memory usage [KB],1378860594,1378860894
3,Memory usage [KB],1378861494,1378862094
3,Memory usage [KB],1378863595,1378863595
3,Memory usage [KB],1378864794,1378864794
3,Memory usage [KB],1378865394,1378865394
3,Memory usage [KB],1378866594,1378866894
3,Memory usage [KB],1378869594,1378869594
3,Memory usage [KB],1378872295,1378872295
3,Memory usage [KB],1378874695,1378874695
3,Memory usage [KB],1378876495,1378876495
3,Memory usage [KB],1378877995,1378877995
3,Memory usage [KB],1378878895,1378878895
3,Memory usage [KB],1378881296,1378881296
3,Memory usage [KB],1378883096,1378883096
3,Memory usage [KB],1378883696,1378883996
3,Memory usage [KB],1378886696,1378886696
3,Memory usage [KB],1378888796,1378888796
3,Memory usage [KB],1378891497,1378891497
3,Memory usage [KB],1378893597,1378893597
3,Memory usage [KB],1378895397,1378895397
3,Memory usage [KB],1378897497,1378897497
3,Memory usage [KB],1378898397,1378898997
3,Memory usage [KB],1378901097,1378901097
3,Memory usage [KB],1378901997,1378901997
3,Memory usage [KB],1378906798,1378906798
3,Disk read throughput [KB/s],1376357149,1376357149
3,Disk read throughput [KB/s],1376357749,1376357749
3,Disk read throughput [KB/s],1376410854,1376410854
3,Disk read throughput [KB/s],1376411454,1376411454
3,Disk read throughput [KB/s],1376443857,1376443857
3,Disk read throughput [KB/s],1376444457,1376444457
3,Disk read throughput [KB/s],1376460959,1376460959
3,Disk read throughput [KB/s],1376461558,1376461558
3,Disk read throughput [KB/s],1376507763,1376507763
3,Disk read throughput [KB/s],1376520365,1376520365
3,Disk read throughput [KB/s],1376520965,1376520965
3,Disk read throughput [KB/s],1376530266,1376530266
3,Disk read throughput [KB/s],1376530866,1376530866
3,Disk read throughput [KB/s],1376557868,1376557868
3,Disk read throughput [KB/s],1376558468,1376558468
3,Disk read throughput [KB/s],1376612472,1376612472
3,Disk read throughput [KB/s],1376613072,1376613072
3,Disk read throughput [KB/s],1376616672,1376616672
3,Disk read throughput [KB/s],1376617273,1376617273
3,Disk read throughput [KB/s],1376662876,1376662876
3,Disk read throughput [KB/s],1376663477,1376663477
3,Disk read throughput [KB/s],1376703081,1376703081
3,Disk read throughput [KB/s],1376703681,1376703681
3,Disk read throughput [KB/s],1376720482,1376720482
3,Disk read throughput [KB/s],1376721082,1376721082
3,Disk read throughput [KB/s],1376773587,1376773587
3,Disk read throughput [KB/s],1376774187,1376774187
3,Disk read throughput [KB/s],1376789491,1376789491
3,Disk read throughput [KB/s],1376790092,1376790092
3,Disk read throughput [KB/s],1376821294,1376821294
3,Disk read throughput [KB/s],1376821894,1376821894
3,Disk read throughput [KB/s],1376868701,1376868701
3,Disk read throughput [KB/s],1376869301,1376869301
3,Disk read throughput [KB/s],1376875901,1376875901
3,Disk read throughput [KB/s],1376876501,1376876501
3,Disk read throughput [KB/s],1376923606,1376923606
3,Disk read throughput [KB/s],1376924206,1376924206
3,Disk read throughput [KB/s],1376962611,1376962611
3,Disk read throughput [KB/s],1376963211,1376963211
3,Disk read throughput [KB/s],1376981212,1376981212
3,Disk read throughput [KB/s],1376981812,1376981812
3,Disk read throughput [KB/s],1377031627,1377031627
3,Disk read throughput [KB/s],1377032227,1377032227
3,Disk read throughput [KB/s],1377049029,1377049029
3,Disk read throughput [KB/s],1377049629,1377049629
3,Disk read throughput [KB/s],1377080532,1377080532
3,Disk read throughput [KB/s],1377081132,1377081132
3,Disk read throughput [KB/s],1377123737,1377123737
3,Disk read throughput [KB/s],1377135438,1377135438
3,Disk read throughput [KB/s],1377136038,1377136038
3,Disk read throughput [KB/s],1377138138,1377138138
3,Disk read throughput [KB/s],1377138738,1377138738
3,Disk read throughput [KB/s],1377194543,1377194543
3,Disk read throughput [KB/s],1377195143,1377195143
3,Disk read throughput [KB/s],1377221846,1377221846
3,Disk read throughput [KB/s],1377222446,1377222446
3,Disk read throughput [KB/s],1377243148,1377243148
3,Disk read throughput [KB/s],1377243748,1377243748
3,Disk read throughput [KB/s],1377295051,1377295051
3,Disk read throughput [KB/s],1377295652,1377295652
3,Disk read throughput [KB/s],1377308253,1377308253
3,Disk read throughput [KB/s],1377308853,1377308853
3,Disk read throughput [KB/s],1377342156,1377342156
3,Disk read throughput [KB/s],1377343056,1377343056
3,Disk read throughput [KB/s],1377389560,1377389560
3,Disk read throughput [KB/s],1377390160,1377390160
3,Disk read throughput [KB/s],1377394661,1377394661
3,Disk read throughput [KB/s],1377395261,1377395261
3,Disk read throughput [KB/s],1377444165,1377444165
3,Disk read throughput [KB/s],1377444765,1377444765
3,Disk read throughput [KB/s],1377481368,1377481368
3,Disk read throughput [KB/s],1377481968,1377481968
3,Disk read throughput [KB/s],1377493368,1377493368
3,Disk read throughput [KB/s],1377493968,1377493968
3,Disk read throughput [KB/s],1377542573,1377542573
3,Disk read throughput [KB/s],1377543173,1377543173
3,Disk read throughput [KB/s],1377567775,1377567775
3,Disk read throughput [KB/s],1377568375,1377568375
3,Disk read throughput [KB/s],1377594777,1377594777
3,Disk read throughput [KB/s],1377595377,1377595377
3,Disk read throughput [KB/s],1377647581,1377647581
3,Disk read throughput [KB/s],1377648181,1377648181
3,Disk read throughput [KB/s],1377654182,1377654182
3,Disk read throughput [KB/s],1377654782,1377654782
3,Disk read throughput [KB/s],1377703685,1377703685
3,Disk read throughput [KB/s],1377704285,1377704285
3,Disk read throughput [KB/s],1377740589,1377740589
3,Disk read throughput [KB/s],1377741189,1377741189
3,Disk read throughput [KB/s],1377758290,1377758290
3,Disk read throughput [KB/s],1377758890,1377758890
3,Disk read throughput [KB/s],1377806894,1377806894
3,Disk read throughput [KB/s],1377807494,1377807494
3,Disk read throughput [KB/s],1377826995,1377826995
3,Disk read throughput [KB/s],1377827595,1377827595
3,Disk read throughput [KB/s],1377856097,1377856097
3,Disk read throughput [KB/s],1377856697,1377856697
3,Disk read throughput [KB/s],1377907702,1377907702
3,Disk read throughput [KB/s],1377908302,1377908302
3,Disk read throughput [KB/s],1377913402,1377913402
3,Disk read throughput [KB/s],1377914003,1377914003
3,Disk read throughput [KB/s],1377963507,1377963507
3,Disk read throughput [KB/s],1377964107,1377964107
3,Disk read throughput [KB/s],1377989008,1377989008
3,Disk read throughput [KB/s],1378000110,1378000110
3,Disk read throughput [KB/s],1378000710,1378000710
3,Disk read throughput [KB/s],1378012111,1378012111
3,Disk read throughput [KB/s],1378012711,1378012711
3,Disk read throughput [KB/s],1378068517,1378068517
3,Disk read throughput [KB/s],1378069117,1378069117
3,Disk read throughput [KB/s],1378086518,1378086518
3,Disk read throughput [KB/s],1378087118,1378087118
3,Disk read throughput [KB/s],1378125822,1378125822
3,Disk read throughput [KB/s],1378126422,1378126422
3,Disk read throughput [KB/s],1378172927,1378172927
3,Disk read throughput [KB/s],1378173527,1378173527
3,Disk read throughput [KB/s],1378179227,1378179227
3,Disk read throughput [KB/s],1378179828,1378179828
3,Disk read throughput [KB/s],1378184928,1378184928
3,Disk read throughput [KB/s],1378227533,1378227533
3,Disk read throughput [KB/s],1378228133,1378228133
3,Disk read throughput [KB/s],1378259336,1378259336
3,Disk read throughput [KB/s],1378259936,1378259936
3,Disk read throughput [KB/s],1378285139,1378285139
3,Disk read throughput [KB/s],1378285739,1378285739
3,Disk read throughput [KB/s],1378333444,1378333444
3,Disk read throughput [KB/s],1378334044,1378334044
3,Disk read throughput [KB/s],1378345745,1378345745
3,Disk read throughput [KB/s],1378346345,1378346345
3,Disk read throughput [KB/s],1378380248,1378380248
3,Disk read throughput [KB/s],1378380848,1378380848
3,Disk read throughput [KB/s],1378430953,1378430953
3,Disk read throughput [KB/s],1378431553,1378431553
3,Disk read throughput [KB/s],1378432153,1378432153
3,Disk read throughput [KB/s],1378432753,1378432753
3,Disk read throughput [KB/s],1378477758,1378477758
3,Disk read throughput [KB/s],1378478358,1378478358
3,Disk read throughput [KB/s],1378518861,1378518861
3,Disk read throughput [KB/s],1378519461,1378519461
3,Disk read throughput [KB/s],1378529662,1378529662
3,Disk read throughput [KB/s],1378530263,1378530263
3,Disk read throughput [KB/s],1378586368,1378586368
3,Disk read throughput [KB/s],1378586968,1378586968
3,Disk read throughput [KB/s],1378605269,1378605269
3,Disk read throughput [KB/s],1378605869,1378605869
3,Disk read throughput [KB/s],1378640973,1378640973
3,Disk read throughput [KB/s],1378641573,1378641573
3,Disk read throughput [KB/s],1378691679,1378691679
3,Disk read throughput [KB/s],1378692279,1378692279
3,Disk read throughput [KB/s],1378696479,1378696479
3,Disk read throughput [KB/s],1378697079,1378697079
3,Disk read throughput [KB/s],1378753185,1378753185
3,Disk read throughput [KB/s],1378753785,1378753785
3,Disk read throughput [KB/s],1378778087,1378778087
3,Disk read throughput [KB/s],1378778687,1378778687
3,Disk read throughput [KB/s],1378800289,1378800289
3,Disk read throughput [KB/s],1378800889,1378800889
3,Disk read throughput [KB/s],1378824891,1378825191
3,Disk read throughput [KB/s],1378852794,1378853094
3,Disk read throughput [KB/s],1378853694,1378853694
3,Disk read throughput [KB/s],1378864494,1378864494
3,Disk read throughput [KB/s],1378865094,1378865094
3,Disk read throughput [KB/s],1378906798,1378906798
3,Disk write throughput [KB/s],1376348448,1376348448
3,Disk write throughput [KB/s],1376357149,1376357149
3,Disk write throughput [KB/s],1376375451,1376375451
3,Disk write throughput [KB/s],1376410854,1376410854
3,Disk write throughput [KB/s],1376434856,1376434856
3,Disk write throughput [KB/s],1376444157,1376444157
3,Disk write throughput [KB/s],1376460959,1376460959
3,Disk write throughput [KB/s],1376507763,1376507763
3,Disk write throughput [KB/s],1376521265,1376521265
3,Disk write throughput [KB/s],1376547667,1376547667
3,Disk write throughput [KB/s],1376557868,1376557868
3,Disk write throughput [KB/s],1376607672,1376607672
3,Disk write throughput [KB/s],1376612472,1376612472
3,Disk write throughput [KB/s],1376618473,1376618473
3,Disk write throughput [KB/s],1376634074,1376634074
3,Disk write throughput [KB/s],1376662876,1376662876
3,Disk write throughput [KB/s],1376694080,1376694080
3,Disk write throughput [KB/s],1376702781,1376702781
3,Disk write throughput [KB/s],1376720482,1376720482
3,Disk write throughput [KB/s],1376773587,1376773587
3,Disk write throughput [KB/s],1376780491,1376780491
3,Disk write throughput [KB/s],1376791292,1376791292
3,Disk write throughput [KB/s],1376807193,1376807193
3,Disk write throughput [KB/s],1376821294,1376821294
3,Disk write throughput [KB/s],1376866899,1376866899
3,Disk write throughput [KB/s],1376868701,1376868701
3,Disk write throughput [KB/s],1376874401,1376874401
3,Disk write throughput [KB/s],1376923606,1376923606
3,Disk write throughput [KB/s],1376953309,1376953309
3,Disk write throughput [KB/s],1376979412,1376979412
3,Disk write throughput [KB/s],1376981212,1376981212
3,Disk write throughput [KB/s],1376988712,1376988712
3,Disk write throughput [KB/s],1377031627,1377031627
3,Disk write throughput [KB/s],1377039729,1377039729
3,Disk write throughput [KB/s],1377044529,1377044529
3,Disk write throughput [KB/s],1377080532,1377080532
3,Disk write throughput [KB/s],1377123737,1377123737
3,Disk write throughput [KB/s],1377126137,1377126137
3,Disk write throughput [KB/s],1377138138,1377138138
3,Disk write throughput [KB/s],1377152239,1377152239
3,Disk write throughput [KB/s],1377194543,1377194543
3,Disk write throughput [KB/s],1377212545,1377212545
3,Disk write throughput [KB/s],1377238647,1377238647
3,Disk write throughput [KB/s],1377243148,1377243148
3,Disk write throughput [KB/s],1377295051,1377295051
3,Disk write throughput [KB/s],1377298952,1377298952
3,Disk write throughput [KB/s],1377313653,1377313653
3,Disk write throughput [KB/s],1377385360,1377385360
3,Disk write throughput [KB/s],1377389560,1377389560
3,Disk write throughput [KB/s],1377411763,1377411763
3,Disk write throughput [KB/s],1377444165,1377444165
3,Disk write throughput [KB/s],1377471767,1377471767
3,Disk write throughput [KB/s],1377493368,1377493368
3,Disk write throughput [KB/s],1377498469,1377498469
3,Disk write throughput [KB/s],1377542573,1377542573
3,Disk write throughput [KB/s],1377558174,1377558174
3,Disk write throughput [KB/s],1377565674,1377565674
3,Disk write throughput [KB/s],1377594777,1377594777
3,Disk write throughput [KB/s],1377621779,1377621779
3,Disk write throughput [KB/s],1377644581,1377644581
3,Disk write throughput [KB/s],1377646681,1377646681
3,Disk write throughput [KB/s],1377647581,1377647581
3,Disk write throughput [KB/s],1377703685,1377703685
3,Disk write throughput [KB/s],1377730987,1377730987
3,Disk write throughput [KB/s],1377734288,1377734288
3,Disk write throughput [KB/s],1377758290,1377758290
3,Disk write throughput [KB/s],1377806894,1377806894
3,Disk write throughput [KB/s],1377817395,1377817395
3,Disk write throughput [KB/s],1377843196,1377843196
3,Disk write throughput [KB/s],1377856097,1377856097
3,Disk write throughput [KB/s],1377903802,1377903802
3,Disk write throughput [KB/s],1377907702,1377907702
3,Disk write throughput [KB/s],1377922103,1377922103
3,Disk write throughput [KB/s],1377963507,1377963507
3,Disk write throughput [KB/s],1377989008,1377989008
3,Disk write throughput [KB/s],1377990209,1377990209
3,Disk write throughput [KB/s],1378012111,1378012111
3,Disk write throughput [KB/s],1378068517,1378068517
3,Disk write throughput [KB/s],1378076618,1378076618
3,Disk write throughput [KB/s],1378125822,1378125822
3,Disk write throughput [KB/s],1378163025,1378163025
3,Disk write throughput [KB/s],1378172027,1378172027
3,Disk write throughput [KB/s],1378179227,1378179227
3,Disk write throughput [KB/s],1378184928,1378184928
3,Disk write throughput [KB/s],1378227533,1378227533
3,Disk write throughput [KB/s],1378249435,1378249435
3,Disk write throughput [KB/s],1378275538,1378275538
3,Disk write throughput [KB/s],1378285139,1378285139
3,Disk write throughput [KB/s],1378333444,1378333444
3,Disk write throughput [KB/s],1378335844,1378335844
3,Disk write throughput [KB/s],1378344545,1378344545
3,Disk write throughput [KB/s],1378380248,1378380248
3,Disk write throughput [KB/s],1378422252,1378422252
3,Disk write throughput [KB/s],1378430953,1378430953
3,Disk write throughput [KB/s],1378433054,1378433054
3,Disk write throughput [KB/s],1378434854,1378434854
3,Disk write throughput [KB/s],1378477758,1378477758
3,Disk write throughput [KB/s],1378508661,1378508661
3,Disk write throughput [KB/s],1378529662,1378529662
3,Disk write throughput [KB/s],1378534763,1378534763
3,Disk write throughput [KB/s],1378586368,1378586368
3,Disk write throughput [KB/s],1378595069,1378595069
3,Disk write throughput [KB/s],1378605869,1378605869
3,Disk write throughput [KB/s],1378613670,1378613670
3,Disk write throughput [KB/s],1378640973,1378640973
3,Disk write throughput [KB/s],1378681478,1378681478
3,Disk write throughput [KB/s],1378696479,1378696479
3,Disk write throughput [KB/s],1378707880,1378707880
3,Disk write throughput [KB/s],1378753185,1378753185
3,Disk write throughput [KB/s],1378767885,1378767885
3,Disk write throughput [KB/s],1378776286,1378776286
3,Disk write throughput [KB/s],1378800289,1378800289
3,Disk write throughput [KB/s],1378824891,1378825191
3,Disk write throughput [KB/s],1378828191,1378828191
3,Disk write throughput [KB/s],1378852794,1378853094
3,Disk write throughput [KB/s],1378854294,1378854294
3,Disk write throughput [KB/s],1378859994,1378859994
3,Disk write throughput [KB/s],1378906798,1378906798
3,Network received throughput [KB/s],1376507763,1376507763
3,Network received throughput [KB/s],1378824891,1378824891
3,Network received throughput [KB/s],1378825491,1378825491
3,Network transmitted throughput [KB/s],1376314846,1376317846
3,Network transmitted throughput [KB/s],1376397652,1376404253
3,Network transmitted throughput [KB/s],1376408754,1376420155
3,Network transmitted throughput [KB/s],1376459159,1376462758
3,Network transmitted throughput [KB/s],1376507763,1376507763
3,Network transmitted throughput [KB/s],1377613078,1377627179
3,Network transmitted throughput [KB/s],1377886400,1378043915
3,Network transmitted throughput [KB/s],1378141124,1378141124
3,Network transmitted throughput [KB/s],1378142024,1378142024
3,Network transmitted throughput [KB/s],1378142924,1378142924
3,Network transmitted throughput [KB/s],1378143824,1378143824
3,Network transmitted throughput [KB/s],1378144724,1378144724
3,Network transmitted throughput [KB/s],1378145624,1378145624
3,Network transmitted throughput [KB/s],1378146524,1378146524
3,Network transmitted throughput [KB/s],1378147424,1378147424
3,Network transmitted throughput [KB/s],1378148324,1378148324
3,Network transmitted throughput [KB/s],1378149224,1378149224
3,Network transmitted throughput [KB/s],1378150124,1378150124
3,Network transmitted throughput [KB/s],1378740283,1378767585
3,Network transmitted throughput [KB/s],1378768185,1378771186
3,Network transmitted throughput [KB/s],1378771786,1378774786
3,Network transmitted throughput [KB/s],1378775386,1378781987
3,Network transmitted throughput [KB/s],1378782587,1378785587
3,Network transmitted throughput [KB/s],1378786187,1378789188
3,Network transmitted throughput [KB/s],1378789788,1378792788
3,Network transmitted throughput [KB/s],1378793388,1378796389
3,Network transmitted throughput [KB/s],1378796989,1378803589
3,Network transmitted throughput [KB/s],1378804189,1378807189
3,Network transmitted throughput [KB/s],1378808089,1378810790
3,Network transmitted throughput [KB/s],1378811390,1378814390
3,Network transmitted throughput [KB/s],1378815290,1378815290
3,Network transmitted throughput [KB/s],1378815890,1378827591
3,Network transmitted throughput [KB/s],1378840792,1378841092
3,Network transmitted throughput [KB/s],1378841992,1378841992
3,Network transmitted throughput [KB/s],1378842893,1378842893
3,Network transmitted throughput [KB/s],1378843493,1378843793
3,Network transmitted throughput [KB/s],1378844693,1378844693
3,Network transmitted throughput [KB/s],1378845293,1378845593
3,Network transmitted throughput [KB/s],1378846193,1378846493
3,Network transmitted throughput [KB/s],1378847093,1378847393
3,Network transmitted throughput [KB/s],1378847993,1378848293
3,Network transmitted throughput [KB/s],1378848893,1378849193
3,Network transmitted throughput [KB/s],1378849793,1378850093
3,Network transmitted throughput [KB/s],1378850693,1378850993
3,Network transmitted throughput [KB/s],1378852493,1378852493
3,Network transmitted throughput [KB/s],1378853394,1378853694
3,Network transmitted throughput [KB/s],1378856094,1378856094
3,Network transmitted throughput [KB/s],1378856994,1378857294
3,Network transmitted throughput [KB/s],1378857894,1378858194
3,Network transmitted throughput [KB/s],1378858794,1378858794
3,Network transmitted throughput [KB/s],1378859694,1378859994
3,Network transmitted throughput [KB/s],1378860594,1378860894
3,Network transmitted throughput [KB/s],1378861494,1378861794
3,Network transmitted throughput [KB/s],1378862394,1378862694
3,Network transmitted throughput [KB/s],1378863294,1378863294
3,Network transmitted throughput [KB/s],1378864195,1378864195
3,Network transmitted throughput [KB/s],1378865094,1378865094
3,Network transmitted throughput [KB/s],1378865994,1378866294
3,Network transmitted throughput [KB/s],1378866894,1378866894
3,Network transmitted throughput [KB/s],1378867794,1378868094
3,Network transmitted throughput [KB/s],1378868694,1378868994
3,Network transmitted throughput [KB/s],1378869594,1378869894
3,Network transmitted throughput [KB/s],1378870494,1378870794
3,Network transmitted throughput [KB/s],1378871394,1378871394
3,Network transmitted throughput [KB/s],1378872295,1378872295
3,Network transmitted throughput [KB/s],1378873195,1378873495
3,Network transmitted throughput [KB/s],1378874395,1378874395
3,Network transmitted throughput [KB/s],1378874995,1378875295
3,Network transmitted throughput [KB/s],1378875895,1378876195
3,Network transmitted throughput [KB/s],1378876795,1378876795
3,Network transmitted throughput [KB/s],1378877695,1378877695
3,Network transmitted throughput [KB/s],1378878595,1378878895
3,Network transmitted throughput [KB/s],1378879495,1378879795
3,Network transmitted throughput [KB/s],1378880396,1378880696
3,Network transmitted throughput [KB/s],1378881296,1378881596
3,Network transmitted throughput [KB/s],1378886696,1378886696
3,Network transmitted throughput [KB/s],1378887896,1378887896
3,Network transmitted throughput [KB/s],1378888496,1378888796
3,Network transmitted throughput [KB/s],1378889396,1378889696
3,Network transmitted throughput [KB/s],1378898397,1378899297
4,CPU cores,1377617279,1377780492
4,CPU capacity provisioned [MHZ],1377617279,1377780492
4,CPU usage [MHZ],1377617579,1377627179
4,CPU usage [MHZ],1377696184,1377697685
4,CPU usage [MHZ],1377699185,1377701585
4,CPU usage [MHZ],1377764890,1377764890
4,CPU usage [MHZ],1377768791,1377768791
4,CPU usage [MHZ],1377770891,1377770891
4,CPU usage [%],1377617579,1377627179
4,CPU usage [%],1377696184,1377697685
4,CPU usage [%],1377699185,1377701585
4,CPU usage [%],1377764890,1377764890
4,CPU usage [%],1377768791,1377768791
4,CPU usage [%],1377770891,1377770891
4,Memory capacity provisioned [KB],1377617279,1377781092
4,Memory usage [KB],1377617279,1377627479
4,Memory usage [KB],1377667983,1377668283
4,Memory usage [KB],1377696484,1377697985
4,Memory usage [KB],1377699185,1377701885
4,Memory usage [KB],1377720486,1377720786
4,Memory usage [KB],1377764890,1377764890
4,Memory usage [KB],1377768791,1377769091
4,Memory usage [KB],1377770891,1377770891
4,Memory usage [KB],1377775691,1377775991
4,Disk read throughput [KB/s],1377617279,1377619079
4,Disk read throughput [KB/s],1377667983,1377667983
4,Disk read throughput [KB/s],1377720486,1377720486
4,Disk read throughput [KB/s],1377729187,1377729187
4,Disk read throughput [KB/s],1377775391,1377775391
4,Disk write throughput [KB/s],1377617579,1377625079
4,Network received throughput [KB/s],1377617579,1377617879
4,Network received throughput [KB/s],1377625379,1377625379
4,Network received throughput [KB/s],1377626279,1377627179
4,Network received throughput [KB/s],1377696184,1377696184
4,Network received throughput [KB/s],1377699185,1377699185
4,Network received throughput [KB/s],1377764590,1377764590
4,Network received throughput [KB/s],1377768491,1377768791
4,Network received throughput [KB/s],1377770591,1377770591
4,Network transmitted throughput [KB/s],1377617579,1377627179
4,Network transmitted throughput [KB/s],1377696184,1377697685
4,Network transmitted throughput [KB/s],1377699185,1377701285
4,Network transmitted throughput [KB/s],1377764590,1377764890
4,Network transmitted throughput [KB/s],1377768491,1377768791
4,Network transmitted throughput [KB/s],1377770591,1377770891
5,CPU cores,1377617279,1377780492
5,CPU capacity provisioned [MHZ],1377617279,1377780492
5,CPU usage [MHZ],1377617579,1377627179
5,CPU usage [MHZ],1377696184,1377697685
5,CPU usage [MHZ],1377699185,1377701585
5,CPU usage [MHZ],1377764590,1377764890
5,CPU usage [MHZ],1377768791,1377768791
5,CPU usage [MHZ],1377770891,1377770891
5,CPU usage [%],1377617579,1377627179
5,CPU usage [%],1377696184,1377697685
5,CPU usage [%],1377699185,1377701585
5,CPU usage [%],1377764590,1377764890
5,CPU usage [%],1377768791,1377768791
5,CPU usage [%],1377770891,1377770891
5,Memory capacity provisioned [KB],1377617279,1377781092
5,Memory usage [KB],1377617279,1377627479
5,Memory usage [KB],1377672183,1377672183
5,Memory usage [KB],1377696484,1377697985
5,Memory usage [KB],1377699185,1377701885
5,Memory usage [KB],1377706986,1377706986
5,Memory usage [KB],1377721386,1377721686
5,Memory usage [KB],1377764890,1377764890
5,Memory usage [KB],1377768791,1377769091
5,Memory usage [KB],1377770891,1377771191
5,Memory usage [KB],1377774191,1377774491
5,Disk read throughput [KB/s],1377617279,1377619079
5,Disk read throughput [KB/s],1377671883,1377672183
5,Disk read throughput [KB/s],1377721086,1377721086
5,Disk read throughput [KB/s],1377729787,1377729787
5,Disk read throughput [KB/s],1377774191,1377774191
5,Disk write throughput [KB/s],1377617579,1377625079
5,Network received throughput [KB/s],1377617579,1377618179
5,Network received throughput [KB/s],1377625079,1377625379
5,Network received throughput [KB/s],1377626279,1377627179
5,Network received throughput [KB/s],1377696184,1377696184
5,Network received throughput [KB/s],1377699185,1377699185
5,Network received throughput [KB/s],1377764590,1377764590
5,Network received throughput [KB/s],1377768491,1377768791
5,Network received throughput [KB/s],1377770591,1377770591
5,Network transmitted throughput [KB/s],1377617579,1377627179
5,Network transmitted throughput [KB/s],1377696184,1377697685
5,Network transmitted throughput [KB/s],1377699185,1377701285
5,Network transmitted throughput [KB/s],1377764590,1377764890
5,Network transmitted throughput [KB/s],1377768791,1377768791
5,Network transmitted throughput [KB/s],1377770591,1377770891
6,CPU cores,1377617279,1377780492
6,CPU capacity provisioned [MHZ],1377617279,1377780492
6,CPU usage [MHZ],1377617579,1377627179
6,CPU usage [MHZ],1377696184,1377697685
6,CPU usage [MHZ],1377699185,1377701585
6,CPU usage [MHZ],1377764890,1377764890
6,CPU usage [MHZ],1377768791,1377768791
6,CPU usage [MHZ],1377770891,1377770891
6,CPU usage [%],1377617579,1377627179
6,CPU usage [%],1377696184,1377697685
6,CPU usage [%],1377699185,1377701585
6,CPU usage [%],1377764890,1377764890
6,CPU usage [%],1377768791,1377768791
6,CPU usage [%],1377770891,1377770891
6,Memory capacity provisioned [KB],1377617579,1377781092
6,Memory usage [KB],1377617279,1377627479
6,Memory usage [KB],1377667683,1377668283
6,Memory usage [KB],1377696184,1377697985
6,Memory usage [KB],1377699185,1377701885
6,Memory usage [KB],1377722586,1377722586
6,Memory usage [KB],1377764890,1377764890
6,Memory usage [KB],1377768791,1377769091
6,Memory usage [KB],1377769691,1377769991
6,Memory usage [KB],1377770891,1377770891
6,Disk read throughput [KB/s],1377617579,1377619679
6,Disk read throughput [KB/s],1377667683,1377667683
6,Disk read throughput [KB/s],1377722586,1377722586
6,Disk read throughput [KB/s],1377729787,1377729787
6,Disk read throughput [KB/s],1377769691,1377769691
6,Disk write throughput [KB/s],1377617579,1377625079
6,Network received throughput [KB/s],1377617579,1377618179
6,Network received throughput [KB/s],1377626279,1377627179
6,Network received throughput [KB/s],1377696184,1377696184
6,Network received throughput [KB/s],1377699185,1377699185
6,Network received throughput [KB/s],1377764590,1377764590
6,Network received throughput [KB/s],1377768491,1377768791
6,Network received throughput [KB/s],1377770591,1377770591
6,Network transmitted throughput [KB/s],1377617579,1377627179
6,Network transmitted throughput [KB/s],1377696184,1377697685
6,Network transmitted throughput [KB/s],1377699185,1377701285
6,Network transmitted throughput [KB/s],1377764590,1377764890
6,Network transmitted throughput [KB/s],1377768791,1377768791
6,Network transmitted throughput [KB/s],1377770591,1377770891
7,CPU cores,1377617279,1377780492
7,CPU capacity provisioned [MHZ],1377617279,1377780492
7,CPU usage [MHZ],1377617579,1377627179
7,CPU usage [MHZ],1377696184,1377697685
7,CPU usage [MHZ],1377699185,1377701585
7,CPU usage [MHZ],1377764590,1377764890
7,CPU usage [MHZ],1377768791,1377768791
7,CPU usage [MHZ],1377770891,1377770891
7,CPU usage [%],1377617579,1377627179
7,CPU usage [%],1377696184,1377697685
7,CPU usage [%],1377699185,1377701585
7,CPU usage [%],1377764590,1377764890
7,CPU usage [%],1377768791,1377768791
7,CPU usage [%],1377770891,1377770891
7,Memory capacity provisioned [KB],1377617279,1377781092
7,Memory usage [KB],1377617279,1377627479
7,Memory usage [KB],1377670683,1377670983
7,Memory usage [KB],1377696484,1377697985
7,Memory usage [KB],1377699185,1377701885
7,Memory usage [KB],1377719886,1377720486
7,Memory usage [KB],1377764890,1377764890
7,Memory usage [KB],1377768791,1377769091
7,Memory usage [KB],1377770891,1377771191
7,Memory usage [KB],1377775691,1377776291
7,Disk read throughput [KB/s],1377617279,1377619079
7,Disk read throughput [KB/s],1377670683,1377670683
7,Disk read throughput [KB/s],1377719886,1377719886
7,Disk read throughput [KB/s],1377731588,1377731588
7,Disk read throughput [KB/s],1377775691,1377775691
7,Disk write throughput [KB/s],1377617579,1377625079
7,Network received throughput [KB/s],1377617579,1377617879
7,Network received throughput [KB/s],1377625379,1377625379
7,Network received throughput [KB/s],1377626279,1377627179
7,Network received throughput [KB/s],1377696184,1377696184
7,Network received throughput [KB/s],1377699185,1377699185
7,Network received throughput [KB/s],1377764590,1377764590
7,Network received throughput [KB/s],1377768491,1377768791
7,Network received throughput [KB/s],1377770591,1377770891
7,Network transmitted throughput [KB/s],1377617579,1377627179
7,Network transmitted throughput [KB/s],1377696184,1377697685
7,Network transmitted throughput [KB/s],1377699185,1377701285
7,Network transmitted throughput [KB/s],1377764590,1377764890
7,Network transmitted throughput [KB/s],1377768491,1377768791
7,Network transmitted throughput [KB/s],1377770591,1377770891
8,CPU cores,1377617279,1377780492
8,CPU capacity provisioned [MHZ],1377617279,1377780492
8,CPU usage [MHZ],1377617579,1377627179
8,CPU usage [MHZ],1377696184,1377697685
8,CPU usage [MHZ],1377699185,1377701585
8,CPU usage [MHZ],1377764590,1377764890
8,CPU usage [MHZ],1377768791,1377768791
8,CPU usage [MHZ],1377770891,1377770891
8,CPU usage [%],1377617579,1377627179
8,CPU usage [%],1377696184,1377697685
8,CPU usage [%],1377699185,1377701585
8,CPU usage [%],1377764590,1377764890
8,CPU usage [%],1377768791,1377768791
8,CPU usage [%],1377770891,1377770891
8,Memory capacity provisioned [KB],1377617279,1377781092
8,Memory usage [KB],1377617279,1377627479
8,Memory usage [KB],1377668583,1377668883
8,Memory usage [KB],1377696184,1377697685
8,Memory usage [KB],1377699185,1377701885
8,Memory usage [KB],1377703985,1377703985
8,Memory usage [KB],1377725287,1377725587
8,Memory usage [KB],1377764890,1377764890
8,Memory usage [KB],1377768791,1377769091
8,Memory usage [KB],1377770891,1377771191
8,Memory usage [KB],1377780492,1377781092
8,Disk read throughput [KB/s],1377617279,1377619079
8,Disk read throughput [KB/s],1377668583,1377668583
8,Disk read throughput [KB/s],1377725287,1377725287
8,Disk read throughput [KB/s],1377732188,1377732188
8,Disk read throughput [KB/s],1377780492,1377780492
8,Disk write throughput [KB/s],1377617579,1377625079
8,Network received throughput [KB/s],1377617579,1377617879
8,Network received throughput [KB/s],1377625079,1377625379
8,Network received throughput [KB/s],1377626279,1377627179
8,Network received throughput [KB/s],1377696184,1377696184
8,Network received throughput [KB/s],1377699185,1377699185
8,Network received throughput [KB/s],1377764590,1377764590
8,Network received throughput [KB/s],1377768491,1377768791
8,Network received throughput [KB/s],1377770591,1377770591
8,Network transmitted throughput [KB/s],1377617579,1377627179
8,Network transmitted throughput [KB/s],1377696184,1377697685
8,Network transmitted throughput [KB/s],1377699185,1377701285
8,Network transmitted throughput [KB/s],1377764590,1377764890
8,Network transmitted throughput [KB/s],1377768791,1377768791
8,Network transmitted throughput [KB/s],1377770591,1377770891
9,CPU cores,1377617279,1377780492
9,CPU capacity provisioned [MHZ],1377617279,1377780492
9,CPU usage [MHZ],1377617579,1377627179
9,CPU usage [MHZ],1377696184,1377697685
9,CPU usage [MHZ],1377699185,1377701585
9,CPU usage [MHZ],1377764590,1377764890
9,CPU usage [MHZ],1377768791,1377768791
9,CPU usage [MHZ],1377770891,1377770891
9,CPU usage [%],1377617579,1377627179
9,CPU usage [%],1377696184,1377697685
9,CPU usage [%],1377699185,1377701585
9,CPU usage [%],1377764590,1377764890
9,CPU usage [%],1377768791,1377768791
9,CPU usage [%],1377770891,1377770891
9,Memory capacity provisioned [KB],1377617279,1377781092
9,Memory usage [KB],1377617279,1377627479
9,Memory usage [KB],1377667683,1377668283
9,Memory usage [KB],1377696484,1377697985
9,Memory usage [KB],1377699185,1377701885
9,Memory usage [KB],1377721386,1377721386
9,Memory usage [KB],1377732488,1377732488
9,Memory usage [KB],1377764590,1377764890
9,Memory usage [KB],1377768791,1377769091
9,Memory usage [KB],1377770891,1377771191
9,Memory usage [KB],1377777192,1377777192
9,Disk read throughput [KB/s],1377617279,1377619079
9,Disk read throughput [KB/s],1377667683,1377667683
9,Disk read throughput [KB/s],1377721086,1377721086
9,Disk read throughput [KB/s],1377732188,1377732188
9,Disk read throughput [KB/s],1377776892,1377776892
9,Disk write throughput [KB/s],1377617579,1377625079
9,Network received throughput [KB/s],1377617579,1377617879
9,Network received throughput [KB/s],1377625079,1377625379
9,Network received throughput [KB/s],1377626279,1377627179
9,Network received throughput [KB/s],1377696184,1377696184
9,Network received throughput [KB/s],1377699185,1377699185
9,Network received throughput [KB/s],1377764590,1377764590
9,Network received throughput [KB/s],1377768491,1377768791
9,Network received throughput [KB/s],1377770591,1377770891
9,Network transmitted throughput [KB/s],1377617579,1377627179
9,Network transmitted throughput [KB/s],1377696184,1377697685
9,Network transmitted throughput [KB/s],1377699185,1377701285
9,Network transmitted throughput [KB/s],1377764590,1377764890
9,Network transmitted throughput [KB/s],1377768491,1377768791
9,Network transmitted throughput [KB/s],1377770591,1377770891
10,CPU cores,1377617279,1377780492
10,CPU capacity provisioned [MHZ],1377617279,1377780492
10,CPU usage [MHZ],1377617579,1377627179
10,CPU usage [MHZ],1377696184,1377697685
10,CPU usage [MHZ],1377699185,1377701585
10,CPU usage [MHZ],1377764590,1377764890
10,CPU usage [MHZ],1377768791,1377768791
10,CPU usage [MHZ],1377770891,1377770891
10,CPU usage [%],1377617579,1377627179
10,CPU usage [%],1377696184,1377697685
10,CPU usage [%],1377699185,1377701585
10,CPU usage [%],1377764590,1377764890
10,CPU usage [%],1377768791,1377768791
10,CPU usage [%],1377770891,1377770891
10,Memory capacity provisioned [KB],1377617279,1377781092
10,Memory usage [KB],1377617279,1377627479
10,Memory usage [KB],1377670083,1377670383
10,Memory usage [KB],1377696484,1377697985
10,Memory usage [KB],1377699185,1377701885
10,Memory usage [KB],1377716887,1377717187
10,Memory usage [KB],1377729487,1377729487
10,Memory usage [KB],1377764890,1377764890
10,Memory usage [KB],1377768791,1377769691
10,Memory usage [KB],1377770891,1377771191
10,Disk read throughput [KB/s],1377617279,1377619079
10,Disk read throughput [KB/s],1377669783,1377669783
10,Disk read throughput [KB/s],1377716887,1377716887
10,Disk read throughput [KB/s],1377729487,1377729487
10,Disk read throughput [KB/s],1377769391,1377769391
10,Disk write throughput [KB/s],1377617579,1377625079
10,Network received throughput [KB/s],1377617579,1377617879
10,Network received throughput [KB/s],1377625079,1377625379
10,Network received throughput [KB/s],1377626279,1377627179
10,Network received throughput [KB/s],1377696184,1377696184
10,Network received throughput [KB/s],1377699185,1377699185
10,Network received throughput [KB/s],1377764590,1377764590
10,Network received throughput [KB/s],1377768491,1377768791
10,Network received throughput [KB/s],1377770591,1377770591
10,Network transmitted throughput [KB/s],1377617579,1377627179
10,Network transmitted throughput [KB/s],1377696184,1377697685
10,Network transmitted throughput [KB/s],1377699185,1377701285
10,Network transmitted throughput [KB/s],1377764590,1377764890
10,Network transmitted throughput [KB/s],1377768491,1377768791
10,Network transmitted throughput [KB/s],1377770591,1377770591
